"code";"code_parent";"description";"layer_no"
"A";"0";"Landbouw, bosbouw en visserij";1
"02";"A";"Bosbouw, exploitatie van bossen en dienstverlening voor de bosbouw";2
"06";"B";"Winning van aardolie en aardgas";2
"08";"B";"Winning van delfstoffen (geen olie en gas)";2
"C";"0";"Industrie";1
"10";"C";"Vervaardiging van voedingsmiddelen";2
"11";"C";"Vervaardiging van dranken";2
"12";"C";"Vervaardiging van tabaksproducten";2
"13";"C";"Vervaardiging van textiel";2
"14";"C";"Vervaardiging van kleding";2
"15";"C";"Vervaardiging van leer, lederwaren en schoenen";2
"18";"C";"Drukkerijen, reproductie van opgenomen media";2
"19";"C";"Vervaardiging van cokesovenproducten en aardolieverwerking";2
"20";"C";"Vervaardiging van chemische producten";2
"21";"C";"Vervaardiging van farmaceutische grondstoffen en producten";2
"22";"C";"Vervaardiging van producten van rubber en kunststof";2
"23";"C";"Vervaardiging van overige niet-metaalhoudende minerale producten";2
"24";"C";"Vervaardiging van metalen in primaire vorm";2
"25";"C";"Vervaardiging van producten van metaal (geen machines en apparaten)";2
"26";"C";"Vervaardiging van computers en van elektronische en optische apparatuur";2
"27";"C";"Vervaardiging van elektrische apparatuur";2
"28";"C";"Vervaardiging van overige machines en apparaten";2
"29";"C";"Vervaardiging van auto's, aanhangwagens en opleggers";2
"30";"C";"Vervaardiging van overige transportmiddelen";2
"31";"C";"Vervaardiging van meubels";2
"32";"C";"Vervaardiging van overige goederen";2
"33";"C";"Reparatie en installatie van machines en apparaten";2
"35";"D";"Productie en distributie van en handel in elektriciteit, aardgas, stoom en gekoelde lucht";2
"36";"E";"Winning en distributie van water";2
"37";"E";"Afvalwaterinzameling en -behandeling";2
"39";"E";"Sanering en overig afvalbeheer";2
"F";"0";"Bouwnijverheid";1
"41";"F";"Algemene burgerlijke en utiliteitsbouw en projectontwikkeling";2
"43";"F";"Gespecialiseerde werkzaamheden in de bouw";2
"45";"G";"Handel in en reparatie van auto's, motorfietsen en aanhangers";2
"46";"G";"Groothandel en handelsbemiddeling (niet in auto's en motorfietsen)";2
"47";"G";"Detailhandel (niet in auto's)";2
"49";"H";"Vervoer over land";2
"50";"H";"Vervoer over water";2
"51";"H";"Luchtvaart";2
"52";"H";"Opslag en dienstverlening voor vervoer";2
"53";"H";"Post en koeriers";2
"55";"I";"Logiesverstrekking";2
"56";"I";"Eet- en drinkgelegenheden";2
"J";"0";"Informatie en communicatie";1
"58";"J";"Uitgeverijen";2
"60";"J";"Verzorgen en uitzenden van radio- en televisieprogramma's";2
"61";"J";"Telecommunicatie";2
"62";"J";"Dienstverlenende activiteiten op het gebied van informatietechnologie";2
"63";"J";"Dienstverlenende activiteiten op het gebied van informatie";2
"64";"K";"Financiële instellingen (geen verzekeringen en pensioenfondsen)";2
"65";"K";"Verzekeringen en pensioenfondsen (geen verplichte sociale verzekeringen)";2
"66";"K";"Overige financiële dienstverlening";2
"L";"0";"Verhuur van en handel in onroerend goed";1
"68";"L";"Verhuur van en handel in onroerend goed";2
"70";"M";"Holdings (geen financiële), concerndiensten binnen eigen concern en managementadvisering";2
"73";"M";"Reclame en marktonderzoek";2
"74";"M";"Industrieel ontwerp en vormgeving, fotografie, vertaling en overige consultancy";2
"75";"M";"Veterinaire dienstverlening";2
"77";"N";"Verhuur en lease van auto's, consumentenartikelen, machines en overige roerende goederen";2
"78";"N";"Arbeidsbemiddeling, uitzendbureaus en personeelsbeheer";2
"79";"N";"Reisbemiddeling, reisorganisatie, toeristische informatie en reserveringsbureaus";2
"80";"N";"Beveiliging en opsporing";2
"81";"N";"Facility management, reiniging en landschapsverzorging";2
"82";"N";"Overige zakelijke dienstverlening";2
"O";"0";"Openbaar bestuur, overheidsdiensten en verplichte sociale verzekeringen";1
"84";"O";"Openbaar bestuur, overheidsdiensten en verplichte sociale verzekeringen";2
"85";"P";"Onderwijs";2
"86";"Q";"Gezondheidszorg";2
"87";"Q";"Verpleging, verzorging en begeleiding met overnachting";2
"88";"Q";"Maatschappelijke dienstverlening zonder overnachting";2
"R";"0";"Cultuur, sport en recreatie";1
"90";"R";"Kunst";2
"91";"R";"Culturele uitleencentra, openbare archieven, musea, dieren- en plantentuinen, natuurbehoud";2
"92";"R";"Loterijen en kansspelen";2
"93";"R";"Sport en recreatie";2
"S";"0";"Overige dienstverlening";1
"95";"S";"Reparatie van computers en consumentenartikelen";2
"97";"T";"Huishoudens als werkgever van huishoudelijk personeel";2
"98";"T";"Niet-gedifferentieerde productie van goederen en diensten door particuliere huishoudens voor eigen gebruik";2
"U";"0";"Extraterritoriale organisaties en lichamen";1
"99";"U";"Extraterritoriale organisaties en lichamen";2
"011";"01";"Teelt van eenjarige gewassen";3
"0111";"011";"Teelt van granen, peulvruchten en oliehoudende zaden";4
"0113";"011";"Teelt van groenten en wortel- en knolgewassen";4
"01131";"0113";"Teelt van groenten in de volle grond";5
"01132";"0113";"Teelt van groenten onder glas";5
"01133";"0113";"Teelt van paddenstoelen";5
"01134";"0113";"Teelt van aardappels en overige wortel- en knolgewassen";5
"0116";"011";"Teelt van vezelgewassen";4
"0119";"011";"Teelt van overige eenjarige gewassen";4
"01191";"0119";"Teelt van snijbloemen en snijheesters in de volle grond";5
"01192";"0119";"Teelt van snijbloemen en snijheesters onder glas";5
"01193";"0119";"Teelt van voedergewassen";5
"01199";"0119";"Teelt van overige eenjarige gewassen (rest)";5
"012";"01";"Teelt van meerjarige gewassen";3
"0121";"012";"Druiventeelt";4
"0124";"012";"Teelt van hardfruit en steenvruchten";4
"01241";"0124";"Teelt van appels en peren";5
"01242";"0124";"Teelt van steenvruchten";5
"0125";"012";"Teelt van overige boomvruchten, kleinfruit en noten";4
"01251";"0125";"Teelt van aardbeien in de volle grond";5
"01252";"0125";"Teelt van aardbeien onder glas";5
"01253";"0125";"Teelt van houtig kleinfruit in de volle grond (incl. overige boomvruchten en noten)";5
"01254";"0125";"Teelt van houtig kleinfruit onder glas";5
"0127";"012";"Teelt van gewassen bestemd voor de vervaardiging van dranken";4
"0128";"012";"Teelt van specerijgewassen en van aromatische en medicinale gewassen";4
"0129";"012";"Teelt van overige meerjarige gewassen";4
"013";"01";"Teelt van sierplanten";3
"0130";"013";"Teelt van sierplanten";4
"01301";"0130";"Teelt van bloembollen";5
"01302";"0130";"Teelt van perkplanten in de volle grond";5
"01303";"0130";"Teelt van perkplanten onder glas";5
"01304";"0130";"Teelt van potplanten onder glas             ";5
"01305";"0130";"Teelt van boomkwekerijgewassen in de volle grond";5
"01309";"0130";"Teelt van overige sierplanten in de volle grond";5
"014";"01";"Fokken en houden van dieren";3
"0141";"014";"Fokken en houden van melkvee";4
"01411";"0141";"Houden van melkvee";5
"01412";"0141";"Opfokken van jongvee voor de melkveehouderij";5
"0142";"014";"Fokken en houden van runderen (geen melkvee)";4
"01421";"0142";"Houden van vleeskalveren";5
"01422";"0142";"Overige vleesveehouderij en zoogkoeienbedrijven";5
"0143";"014";"Fokken en houden van paarden en ezels";4
"0145";"014";"Fokken en houden van schapen en geiten";4
"01451";"0145";"Fokken en houden van schapen";5
"01452";"0145";"Fokken en houden van geiten";5
"0146";"014";"Fokken en houden van varkens";4
"01461";"0146";"Fokvarkens- en vermeerderingsbedrijven";5
"01462";"0146";"Vleesvarkensbedrijven";5
"01463";"0146";"Gesloten en deels gesloten varkensbedrijven";5
"0147";"014";"Opfokken en/of houden van pluimvee";4
"01471";"0147";"Opfokken en/of houden van  leghennen";5
"01472";"0147";"Opfokken en/of houden van vleeskuikens ";5
"01473";"0147";"Opfokken en/of houden van ouderdieren van leghennen en vleeskuikens";5
"01479";"0147";"Opfokken en/of houden van overig pluimvee";5
"0149";"014";"Fokken en houden van overige dieren";4
"01491";"0149";"Fokken en houden van edelpelsdieren";5
"01499";"0149";"Fokken en houden van overige dieren (rest)";5
"015";"01";"Akker- en/of tuinbouw in combinatie met het fokken en houden van dieren ";3
"0150";"015";"Akker- en/of tuinbouw in combinatie met het fokken en houden van dieren ";4
"016";"01";"Dienstverlening voor de landbouw; behandeling van gewassen en zaden na de oogst";3
"0161";"016";"Dienstverlening voor de akker- en/of tuinbouw ";4
"0162";"016";"Dienstverlening voor het fokken en houden van dieren ";4
"0163";"016";"Behandeling van gewassen na de oogst";4
"0164";"016";"Behandeling van zaden voor vermeerdering";4
"017";"01";"Jacht";3
"0170";"017";"Jacht";4
"021";"02";"Bosbouw";3
"0210";"021";"Bosbouw";4
"022";"02";"Exploitatie van bossen";3
"0220";"022";"Exploitatie van bossen";4
"024";"02";"Dienstverlening voor de bosbouw";3
"0240";"024";"Dienstverlening voor de bosbouw";4
"031";"03";"Visserij";3
"0311";"031";"Zee- en kustvisserij";4
"0312";"031";"Binnenvisserij";4
"032";"03";"Kweken van vis en schaaldieren ";3
"0321";"032";"Kweken van zeevis en -schaaldieren";4
"0322";"032";"Kweken van zoetwatervis en -schaaldieren";4
"061";"06";"Winning van aardolie";3
"0610";"061";"Winning van aardolie";4
"062";"06";"Winning van aardgas";3
"0620";"062";"Winning van aardgas";4
"081";"08";"Winning van zand, grind en klei";3
"0812";"081";"Winning van zand, grind en klei";4
"089";"08";"Winning van overige delfstoffen";3
"0892";"089";"Winning van turf ";4
"0893";"089";"Winning van zout";4
"0899";"089";"Winning van overige delfstoffen (rest)";4
"091";"09";"Dienstverlening voor de winning van aardolie en aardgas";3
"0910";"091";"Dienstverlening voor de winning van aardolie en aardgas";4
"099";"09";"Dienstverlening voor de winning van delfstoffen (geen olie en gas)";3
"0990";"099";"Dienstverlening voor de winning van delfstoffen (geen olie en gas)";4
"101";"10";"Slachterijen en vleesverwerking";3
"1011";"101";"Slachterijen (geen pluimvee-)";4
"1012";"101";"Pluimveeslachterijen";4
"1013";"101";"Vleesverwerking (niet tot maaltijden)";4
"102";"10";"Visverwerking";3
"1020";"102";"Visverwerking";4
"103";"10";"Verwerking van aardappels, groente en fruit";3
"1031";"103";"Vervaardiging van aardappelproducten";4
"1032";"103";"Vervaardiging van fruit- en groentesap";4
"1039";"103";"Verwerking van groente en fruit (niet tot sap en maaltijden)";4
"104";"10";"Vervaardiging van plantaardige en dierlijke oliën en vetten ";3
"1041";"104";"Vervaardiging van plantaardige en dierlijke oliën en vetten (geen margarine en andere spijsvetten)";4
"1042";"104";"Vervaardiging van margarine en overige spijsvetten";4
"105";"10";"Vervaardiging van zuivelproducten";3
"1051";"105";"Vervaardiging van zuivelproducten (geen consumptie-ijs)";4
"1052";"105";"Vervaardiging van consumptie-ijs";4
"106";"10";"Vervaardiging van meel";3
"1061";"106";"Vervaardiging van meel (geen zetmeel)";4
"1062";"106";"Vervaardiging van zetmeel en zetmeelproducten";4
"107";"10";"Vervaardiging van brood, banketbakkerswerk en deegwaren";3
"1071";"107";"Vervaardiging van brood en vers banketbakkerswerk";4
"1072";"107";"Vervaardiging van beschuit en koekjes en ander houdbaar banketbakkerswerk";4
"1073";"107";"Vervaardiging van deegwaren";4
"108";"10";"Vervaardiging van overige voedingsmiddelen";3
"1081";"108";"Vervaardiging van suiker";4
"1082";"108";"Verwerking van cacao en vervaardiging van chocolade en suikerwerk";4
"10821";"1082";"Verwerking van cacao";5
"10822";"1082";"Vervaardiging van chocolade en suikerwerk";5
"1083";"108";"Verwerking van koffie en thee";4
"1084";"108";"Vervaardiging van specerijen, sauzen en kruiderijen; zoutraffinage";4
"1085";"108";"Vervaardiging van kant-en-klaarmaaltijden en snacks";4
"1086";"108";"Vervaardiging van gehomogeniseerde voedingspreparaten en dieetvoeding";4
"1089";"108";"Vervaardiging van overige voedingsmiddelen (rest)";4
"109";"10";"Vervaardiging van diervoeders";3
"1091";"109";"Vervaardiging van veevoeders";4
"1092";"109";"Vervaardiging van voeders voor huisdieren";4
"110";"11";"Vervaardiging van dranken";3
"1101";"110";"Vervaardiging van sterk alcoholische dranken door distilleren, rectificeren en mengen";4
"1102";"110";"Vervaardiging van wijn uit druiven";4
"1103";"110";"Vervaardiging van cider en van overige vruchtenwijnen";4
"1104";"110";"Vervaardiging van overige niet-gedistilleerde gegiste dranken";4
"1105";"110";"Vervaardiging van bier";4
"1106";"110";"Mouterijen";4
"1107";"110";"Vervaardiging van frisdranken; productie van mineraalwater en overig gebotteld water";4
"120";"12";"Vervaardiging van tabaksproducten";3
"1200";"120";"Vervaardiging van tabaksproducten";4
"131";"13";"Bewerken en spinnen van textielvezels";3
"1310";"131";"Bewerken en spinnen van textielvezels";4
"132";"13";"Weven van textiel";3
"1320";"132";"Weven van textiel";4
"133";"13";"Textielveredeling";3
"1330";"133";"Textielveredeling";4
"139";"13";"Vervaardiging van overige textielproducten";3
"1391";"139";"Vervaardiging van gebreide en gehaakte stoffen";4
"1392";"139";"Vervaardiging van geconfectioneerde artikelen van textiel (geen kleding)";4
"1393";"139";"Vervaardiging van vloerkleden en tapijt";4
"1394";"139";"Vervaardiging van koord, bindgaren, touw en netten";4
"1395";"139";"Vervaardiging van gebonden textielvlies en artikelen daarvan (geen kleding)";4
"1396";"139";"Vervaardiging van technisch en industrieel textiel";4
"1399";"139";"Vervaardiging van overige textielproducten (rest)";4
"141";"14";"Vervaardiging van kleding (geen bontkleding)";3
"1411";"141";"Vervaardiging van kleding van leer";4
"1412";"141";"Vervaardiging van werkkleding";4
"1413";"141";"Vervaardiging van overige bovenkleding";4
"1414";"141";"Vervaardiging van onderkleding";4
"1419";"141";"Vervaardiging van baby- en sportkleding en kledingaccessoires";4
"142";"14";"Vervaardiging van artikelen van bont";3
"1420";"142";"Vervaardiging van artikelen van bont";4
"143";"14";"Vervaardiging van gebreide en gehaakte kleding";3
"1431";"143";"Vervaardiging van gebreide en gehaakte kousen en sokken";4
"1439";"143";"Vervaardiging van gebreide en gehaakte kleding (geen kousen en sokken)";4
"151";"15";"Looien en bewerken van leer; vervaardiging van koffers, tassen, zadel- en tuigmakerswerk; bereiden en verven van bont";3
"1511";"151";"Looien en bewerken van leer; bereiden en verven van bont";4
"1512";"151";"Vervaardiging van koffers, tassen e.d. en van zadel- en tuigmakerswerk";4
"152";"15";"Vervaardiging van schoenen";3
"1520";"152";"Vervaardiging van schoenen";4
"161";"16";"Primaire houtbewerking en verduurzamen van hout";3
"1610";"161";"Primaire houtbewerking en verduurzamen van hout";4
"16101";"1610";"Zagen en schaven en overige primaire houtbewerking";5
"16102";"1610";"Verduurzamen van hout";5
"162";"16";"Vervaardiging van artikelen van hout, kurk, riet en vlechtwerk (geen meubels)";3
"1621";"162";"Vervaardiging van fineer en plaatmateriaal op basis van hout";4
"1622";"162";"Vervaardiging van panelen voor parketvloeren";4
"1623";"162";"Vervaardiging van overig timmerwerk voor de bouw ";4
"16231";"1623";"Vervaardiging van deuren, ramen en kozijnen van hout";5
"16239";"1623";"Vervaardiging van overig timmerwerk voor de bouw (geen deuren, ramen en kozijnen)";5
"1624";"162";"Vervaardiging van houten emballage";4
"1629";"162";"Vervaardiging van overige artikelen van hout en van artikelen van kurk, riet en vlechtwerk (geen meubels)";4
"171";"17";"Vervaardiging van papierpulp, papier en karton";3
"1711";"171";"Vervaardiging van papierpulp";4
"1712";"171";"Vervaardiging van papier en karton";4
"17121";"1712";"Vervaardiging van grafisch papier en karton";5
"17122";"1712";"Vervaardiging van papier en karton voor verpakking";5
"17129";"1712";"Vervaardiging van papier en karton (geen grafisch en niet voor verpakking)";5
"172";"17";"Vervaardiging van papier- en kartonwaren";3
"1721";"172";"Vervaardiging van verpakkingsmiddelen van papier en karton; vervaardiging van golfpapier en -karton";4
"17211";"1721";"Vervaardiging van verpakkingsmiddelen van papier en karton";5
"17212";"1721";"Vervaardiging van golfpapier en -karton";5
"1722";"172";"Vervaardiging van huishoudelijke en sanitaire papierwaren";4
"1723";"172";"Vervaardiging van kantoorbenodigdheden van papier";4
"1724";"172";"Vervaardiging van behangselpapier";4
"1729";"172";"Vervaardiging van overige papier- en kartonwaren ";4
"181";"18";"Drukkerijen en dienstverlening voor drukkerijen";3
"1811";"181";"Drukkerijen van dagbladen";4
"1812";"181";"Overige drukkerijen";4
"18121";"1812";"Drukkerijen van boeken e.d.";5
"18122";"1812";"Drukkerijen van tijdschriften ";5
"18123";"1812";"Drukkerijen van reclame";5
"18124";"1812";"Drukkerijen van verpakkingen";5
"18125";"1812";"Drukkerijen van formulieren";5
"18129";"1812";"Overige drukkerijen (rest) ";5
"1813";"181";"Prepress- en premedia-activiteiten";4
"1814";"181";"Grafische afwerking en overige activiteiten verwant aan de drukkerij ";4
"182";"18";"Reproductie van opgenomen media";3
"1820";"182";"Reproductie van opgenomen media";4
"191";"19";"Vervaardiging van cokesovenproducten";3
"1910";"191";"Vervaardiging van cokesovenproducten";4
"192";"19";"Aardolieverwerking";3
"1920";"192";"Aardolieverwerking";4
"19201";"1920";"Aardolieraffinage";5
"19202";"1920";"Aardolieverwerking (geen -raffinage)";5
"201";"20";"Vervaardiging van chemische basisproducten, kunstmeststoffen en stikstofverbindingen en van";3
"2011";"201";"Vervaardiging van industriële gassen";4
"2012";"201";"Vervaardiging van kleur- en verfstoffen";4
"2013";"201";"Vervaardiging van overige anorganische basischemicaliën ";4
"2014";"201";"Vervaardiging van overige organische basischemicaliën ";4
"20141";"2014";"Vervaardiging van petrochemische producten";5
"20149";"2014";"Vervaardiging van overige organische basischemicaliën (geen petrochemische producten)";5
"2015";"201";"Vervaardiging van kunstmeststoffen en stikstofverbindingen";4
"2016";"201";"Vervaardiging van kunststof in primaire vorm";4
"2017";"201";"Vervaardiging van synthetische rubber in primaire vorm";4
"202";"20";"Vervaardiging van verdelgingsmiddelen en overige landbouwchemicaliën";3
"2020";"202";"Vervaardiging van verdelgingsmiddelen en overige landbouwchemicaliën";4
"203";"20";"Vervaardiging van verf, vernis e.d., drukinkt en mastiek";3
"2030";"203";"Vervaardiging van verf, vernis e.d., drukinkt en mastiek";4
"204";"20";"Vervaardiging van zeep, wasmiddelen, poets- en reinigingsmiddelen, parfums en cosmetica";3
"2041";"204";" Vervaardiging van zeep, wasmiddelen, poets- en reinigingsmiddelen";4
"2042";"204";"Vervaardiging van parfums en cosmetica";4
"205";"20";"Vervaardiging van overige chemische producten";3
"2051";"205";"Vervaardiging van kruit en springstoffen en van lucifers";4
"2052";"205";"Vervaardiging van lijm en bereide kleefmiddelen";4
"2053";"205";"Vervaardiging van etherische oliën";4
"2059";"205";"Vervaardiging van overige chemische producten (rest)";4
"206";"20";"Vervaardiging van synthetische en kunstmatige vezels";3
"2060";"206";"Vervaardiging van synthetische en kunstmatige vezels";4
"211";"21";"Vervaardiging van farmaceutische grondstoffen";3
"2110";"211";"Vervaardiging van farmaceutische grondstoffen";4
"212";"21";"Vervaardiging van farmaceutische producten (geen grondstoffen)";3
"2120";"212";"Vervaardiging van farmaceutische producten (geen grondstoffen)";4
"221";"22";"Vervaardiging van producten van rubber";3
"2211";"221";"Vervaardiging van rubberbanden en loopvlakvernieuwing";4
"2219";"221";"Vervaardiging van producten van rubber (geen banden)";4
"222";"22";"Vervaardiging van producten van kunststof";3
"2221";"222";"Vervaardiging van platen, folie, buizen en profielen van kunststof";4
"2222";"222";"Vervaardiging van verpakkingsmiddelen van kunststof";4
"2223";"222";"Vervaardiging van kunststofproducten voor de bouw";4
"2229";"222";"Vervaardiging van overige producten van kunststof";4
"231";"23";"Vervaardiging van glas en glaswerk";3
"2311";"231";"Vervaardiging van vlakglas";4
"2312";"231";"Vormen en bewerken van vlakglas";4
"2313";"231";"Vervaardiging van holglas";4
"2314";"231";"Vervaardiging van glasvezels";4
"2319";"231";"Vervaardiging en bewerking van overig glas,  inclusief technisch glaswerk";4
"232";"23";"Vervaardiging van vuurvaste keramische producten";3
"2320";"232";"Vervaardiging van vuurvaste keramische  producten";4
"233";"23";"Vervaardiging van keramische producten voor de bouw ";3
"2331";"233";"Vervaardiging van keramische tegels en plavuizen";4
"2332";"233";"Vervaardiging van  keramische producten voor de bouw (geen tegels en plavuizen)";4
"234";"23";"Vervaardiging van overige keramische producten";3
"2341";"234";"Vervaardiging van huishoudelijk en sieraardewerk";4
"2342";"234";"Vervaardiging van sanitair aardewerk";4
"2343";"234";"Vervaardiging van isolatoren en isolatiemateriaal van keramische stoffen";4
"2344";"234";"Vervaardiging van overig technisch aardewerk";4
"2349";"234";"Vervaardiging van overige keramische producten (rest)";4
"235";"23";"Vervaardiging van cement, kalk en gips";3
"2351";"235";"Vervaardiging van cement";4
"2352";"235";"Vervaardiging van kalk en gips";4
"236";"23";"Vervaardiging van producten van beton, gips en cement";3
"2361";"236";"Vervaardiging van producten voor de bouw van beton, kalkzandsteen en van cellenbeton";4
"23611";"2361";"Vervaardiging van producten voor de bouw van beton";5
"23612";"2361";"Vervaardiging van producten voor de bouw van kalkzandsteen en cellenbeton";5
"2362";"236";"Vervaardiging van producten voor de bouw van gips";4
"2363";"236";"Vervaardiging van stortklare beton";4
"2364";"236";"Vervaardiging van mortel in droge vorm";4
"2365";"236";"Vervaardiging van producten van vezelcement";4
"2369";"236";"Vervaardiging van overige producten van beton, gips en cement";4
"237";"23";"Natuursteenbewerking";3
"2370";"237";"Natuursteenbewerking";4
"239";"23";"Vervaardiging van overige niet-metaalhoudende minerale producten";3
"2391";"239";"Vervaardiging van schuur-, slijp- en polijstmiddelen";4
"2399";"239";"Vervaardiging van overige niet-metaalhoudende minerale producten (geen schuur-, slijp- en polijstmiddelen)";4
"241";"24";"Vervaardiging van ijzer en staal en van ferrolegeringen";3
"2410";"241";"Vervaardiging van ijzer en staal en van ferrolegeringen";4
"242";"24";"Vervaardiging van stalen buizen, pijpen, holle profielen en fittings daarvoor";3
"2420";"242";"Vervaardiging van stalen buizen, pijpen, holle profielen en fittings daarvoor";4
"243";"24";"Overige eerste verwerking van staal";3
"2431";"243";"Koudtrekken van staven";4
"2432";"243";"Koudwalsen van bandstaal";4
"2433";"243";"Koudvervormen en koudfelsen";4
"2434";"243";"Koudtrekken van draad";4
"244";"24";"Vervaardiging van edelmetalen en  overige non-ferrometalen";3
"2441";"244";"Vervaardiging van edelmetalen";4
"2442";"244";"Vervaardiging van aluminium";4
"2443";"244";"Vervaardiging van lood, zink en tin";4
"2444";"244";"Vervaardiging van koper";4
"2445";"244";"Vervaardiging van overige non-ferrometalen";4
"2446";"244";"Smelten en raffineren van uranium";4
"245";"24";"Gieten van metalen";3
"2451";"245";"Gieten van ijzer ";4
"2452";"245";"Gieten van staal";4
"2453";"245";"Gieten van lichte metalen";4
"2454";"245";"Gieten van overige  non-ferrometalen";4
"251";"25";"Vervaardiging van metalen producten voor de bouw ";3
"2511";"251";"Vervaardiging van metalen constructiewerken en delen daarvan";4
"2512";"251";"Vervaardiging van metalen deuren, vensters en kozijnen";4
"252";"25";"Vervaardiging van reservoirs van metaal en van ketels en radiatoren voor centrale verwarming ";3
"2521";"252";"Vervaardiging van ketels en radiatoren voor centrale verwarming";4
"2529";"252";"Vervaardiging van metalen tanks en reservoirs";4
"253";"25";"Vervaardiging van stoomketels (geen ketels voor centrale verwarming)";3
"2530";"253";"Vervaardiging van stoomketels (geen ketels voor centrale verwarming)";4
"254";"25";"Vervaardiging van wapens en munitie";3
"2540";"254";"Vervaardiging van wapens en munitie";4
"255";"25";"Smeden, persen, stampen en profielwalsen van metaal; poedermetallurgie";3
"2550";"255";"Smeden, persen, stampen en profielwalsen van metaal; poedermetallurgie";4
"256";"25";"Oppervlaktebehandeling en bekleding van metaal; algemene metaalbewerking ";3
"2561";"256";"Oppervlaktebehandeling en bekleding van metaal";4
"2562";"256";"Algemene metaalbewerking";4
"257";"25";"Vervaardiging van scharen, messen en  bestek, hang- en sluitwerk en gereedschap";3
"2571";"257";"Vervaardiging van scharen, messen en bestek";4
"2572";"257";"Vervaardiging van hang- en sluitwerk";4
"2573";"257";"Vervaardiging van gereedschap";4
"259";"25";"Vervaardiging van overige producten van metaal";3
"2591";"259";"Vervaardiging van stalen vaten e.d.";4
"2592";"259";"Vervaardiging van verpakkingsmiddelen van licht metaal";4
"2593";"259";"Vervaardiging van artikelen van draad en van kettingen en veren";4
"2594";"259";"Vervaardiging van bouten, schroeven en moeren";4
"2599";"259";"Vervaardiging van overige producten van metaal (rest)";4
"261";"26";"Vervaardiging van elektronische componenten en printplaten";3
"2611";"261";"Vervaardiging van elektronische componenten";4
"2612";"261";"Vervaardiging van elektronische printplaten";4
"262";"26";"Vervaardiging van computers en randapparatuur";3
"2620";"262";"Vervaardiging van computers en randapparatuur";4
"263";"26";"Vervaardiging van communicatieapparatuur";3
"2630";"263";"Vervaardiging van communicatieapparatuur";4
"264";"26";"Vervaardiging van consumentenelektronica";3
"2640";"264";"Vervaardiging van consumentenelektronica";4
"265";"26";"Vervaardiging van meet-, regel-, navigatie- en controleapparatuur en van uurwerken";3
"2651";"265";"Vervaardiging van meet-, regel-, navigatie- en controleapparatuur";4
"2652";"265";"Vervaardiging van uurwerken";4
"266";"26";"Vervaardiging van bestralingsapparatuur en van elektromedische en elektrotherapeutische apparatuur";3
"2660";"266";"Vervaardiging van bestralingsapparatuur en van elektromedische en elektrotherapeutische apparatuur";4
"267";"26";"Vervaardiging van optische instrumenten en apparatuur";3
"2670";"267";"Vervaardiging van optische instrumenten en apparatuur";4
"268";"26";"Vervaardiging van informatiedragers";3
"2680";"268";"Vervaardiging van informatiedragers";4
"271";"27";"Vervaardiging van elektromotoren, elektrische generatoren en transformatoren en van schakel- en verdeelinrichtingen";3
"2711";"271";"Vervaardiging van elektromotoren,  elektrische generatoren en transformatoren";4
"2712";"271";"Vervaardiging van schakel- en verdeelinrichtingen";4
"272";"27";"Vervaardiging van batterijen en accumulatoren";3
"2720";"272";"Vervaardiging van batterijen en accumulatoren";4
"273";"27";"Vervaardiging van elektrische en elektronische kabels en van schakelaars, stekkers, stopcontacten e.d.";3
"2731";"273";"Vervaardiging van kabels van optische vezels";4
"2732";"273";"Vervaardiging van overige elektrische en elektronische kabel";4
"2733";"273";"Vervaardiging van schakelaars, stekkers, stopcontacten e.d.";4
"274";"27";"Vervaardiging van elektrische lampen en verlichtingsapparaten ";3
"2740";"274";"Vervaardiging van elektrische lampen en verlichtingsapparaten ";4
"275";"27";"Vervaardiging van huishoudapparaten";3
"2751";"275";"Vervaardiging van elektrische huishoudapparaten";4
"2752";"275";"Vervaardiging van niet-elektrische huishoudapparaten";4
"279";"27";"Vervaardiging van overige elektrische apparatuur";3
"2790";"279";"Vervaardiging van overige elektrische apparatuur";4
"281";"28";"Vervaardiging van motoren, turbines, pompen, compressoren, appendages en drijfwerkelementen";3
"2811";"281";"Vervaardiging van motoren en turbines (niet voor vliegtuigen, motorvoertuigen en bromfietsen)";4
"2812";"281";"Vervaardiging van hydraulische apparatuur";4
"2813";"281";"Vervaardiging van niet-hydraulische pompen en compressoren";4
"2814";"281";"Vervaardiging van appendages";4
"2815";"281";"Vervaardiging van tandwielen, lagers en overige drijfwerkelementen";4
"282";"28";"Vervaardiging van overige machines en apparaten voor algemeen gebruik";3
"2821";"282";"Vervaardiging van industriële ovens en branders";4
"2822";"282";"Vervaardiging van hijs-, hef- en transportwerktuigen";4
"2823";"282";"Vervaardiging van kantoormachines en -apparatuur (geen computers en randapparatuur)";4
"2824";"282";"Vervaardiging van pneumatisch en elektrisch handgereedschap ";4
"2825";"282";"Vervaardiging van machines en apparaten voor industriële  koeltechniek en  klimaatregeling";4
"2829";"282";"Vervaardiging van  overige machines en apparaten voor algemeen gebruik (rest)";4
"283";"28";"Vervaardiging van machines en werktuigen voor de land- en bosbouw";3
"2830";"283";"Vervaardiging van machines en werktuigen voor de land- en bosbouw";4
"284";"28";"Vervaardiging van gereedschapswerktuigen ";3
"2841";"284";"Vervaardiging van gereedschapswerktuigen voor metaalbewerking";4
"2849";"284";"Vervaardiging van  gereedschapswerktuigen niet voor metaalbewerking";4
"289";"28";"Vervaardiging van overige machines, apparaten en werktuigen voor specifieke doeleinden";3
"2891";"289";"Vervaardiging van machines voor de metallurgie";4
"2892";"289";"Vervaardiging van machines voor de bouw en winning van delfstoffen";4
"2893";"289";"Vervaardiging van machines voor de productie van voedings- en genotmiddelen";4
"2894";"289";"Vervaardiging van machines voor de productie van textiel, kleding en leer";4
"2895";"289";"Vervaardiging van machines voor de productie van papier en karton";4
"2896";"289";"Vervaardiging van machines voor de kunststof- en rubberindustrie";4
"2899";"289";"Vervaardiging van overige machines, apparaten en werktuigen voor specifieke doeleinden (rest)";4
"291";"29";"Vervaardiging van auto's";3
"2910";"291";"Vervaardiging van auto's";4
"292";"29";"Carrosseriebouw; vervaardiging van aanhangwagens en opleggers";3
"2920";"292";"Carrosseriebouw; vervaardiging van aanhangwagens en opleggers";4
"29201";"2920";"Carrosseriebouw";5
"29202";"2920";"Vervaardiging van aanhangwagens en opleggers";5
"293";"29";"Vervaardiging van onderdelen en toebehoren voor auto's ";3
"2931";"293";"Vervaardiging van elektrische en elektronische onderdelen en toebehoren  voor auto's ";4
"2932";"293";"Vervaardiging van niet-elektrische en -elektronische  onderdelen en toebehoren voor auto's";4
"301";"30";"Scheepsbouw";3
"3011";"301";"Bouw van schepen en drijvend materieel (geen sport- en recreatievaartuigen) ";4
"3012";"301";"Bouw van sport- en recreatievaartuigen ";4
"302";"30";"Vervaardiging van rollend spoor- en tramwegmaterieel";3
"3020";"302";"Vervaardiging van rollend spoor- en tramwegmaterieel ";4
"303";"30";"Vervaardiging van vliegtuigen en onderdelen daarvoor";3
"3030";"303";"Vervaardiging van vliegtuigen en onderdelen daarvoor";4
"304";"30";"Vervaardiging van militaire gevechtsvoertuigen";3
"3040";"304";"Vervaardiging van militaire gevechtsvoertuigen";4
"309";"30";"Vervaardiging van transportmiddelen (rest)";3
"3091";"309";"Vervaardiging van motor- en bromfietsen";4
"3092";"309";"Vervaardiging van fietsen en invalidenwagens";4
"3099";"309";"Vervaardiging van overige transportmiddelen (rest)";4
"310";"31";"Vervaardiging van meubels";3
"3101";"310";"Interieurbouw en vervaardiging van bedrijfsmeubels";4
"31011";"3101";"Interieurbouw";5
"31012";"3101";"Vervaardiging van bedrijfsmeubels";5
"3102";"310";"Vervaardiging van keukenmeubels";4
"3103";"310";"Vervaardiging van matrassen";4
"3109";"310";"Vervaardiging van overige meubels";4
"321";"32";"Slaan van munten; bewerken van edelstenen en vervaardiging van sieraden e.d.";3
"3211";"321";"Slaan van munten en medailles";4
"3212";"321";"Bewerken van edelstenen en vervaardiging van sieraden e.d. (geen imitatie)";4
"3213";"321";"Vervaardiging van imitatiesieraden ";4
"322";"32";"Vervaardiging van muziekinstrumenten";3
"3220";"322";"Vervaardiging van muziekinstrumenten";4
"323";"32";"Vervaardiging van sportartikelen";3
"3230";"323";"Vervaardiging van sportartikelen";4
"324";"32";"Vervaardiging van speelgoed en spellen";3
"3240";"324";"Vervaardiging van speelgoed en spellen";4
"325";"32";"Vervaardiging van medische instrumenten en hulpmiddelen";3
"3250";"325";"Vervaardiging van medische instrumenten en hulpmiddelen";4
"32501";"3250";"Tandtechnische bedrijven";5
"32502";"3250";"Vervaardiging van medische instrumenten en hulpmiddelen (geen tandtechniek)";5
"329";"32";"Vervaardiging van overige goederen";3
"3291";"329";"Vervaardiging van borstelwaren";4
"3299";"329";"Sociale werkvoorziening en vervaardiging van overige goederen (rest)";4
"32991";"3299";"Sociale werkvoorziening";5
"32999";"3299";"Vervaardiging van overige goederen (rest)";5
"331";"33";"Reparatie van producten van metaal, machines en apparatuur";3
"3311";"331";"Reparatie van producten van metaal";4
"3312";"331";"Reparatie en onderhoud van machines";4
"33121";"3312";"Reparatie en onderhoud van machines voor algemeen gebruik en machineonderdelen (geen gereedschap)";5
"33122";"3312";"Reparatie en onderhoud van pneumatisch en elektrisch gereedschap en gereedschapswerktuigen";5
"33123";"3312";"Reparatie en onderhoud van machines voor een specifieke bedrijfstak";5
"3313";"331";"Reparatie van elektronische en optische apparatuur";4
"3314";"331";"Reparatie van elektrische apparatuur";4
"3315";"331";"Reparatie en onderhoud van schepen";4
"3316";"331";"Reparatie en onderhoud van vliegtuigen";4
"3317";"331";"Reparatie en onderhoud van overige transportmiddelen";4
"3319";"331";"Reparatie van overige apparatuur";4
"332";"33";"Installatie van industriële machines en apparatuur";3
"3321";"332";"Installatie van ketels en tanks";4
"3322";"332";"Installatie van industriële machines";4
"33221";"3322";"Installatie van machines voor algemeen gebruik (geen gereedschap)";5
"33222";"3322";"Installatie van pneumatisch en elektrisch gereedschap en gereedschapswerktuigen";5
"33223";"3322";"Installatie van machines voor een specifieke bedrijfstak";5
"3323";"332";"Installatie van elektronische en optische apparatuur";4
"3324";"332";"Installatie van elektrische apparatuur";4
"3329";"332";"Installatie van overige toebehoren";4
"351";"35";"Productie van elektriciteit; transmissie en distributie van elektriciteit en aardgas";3
"3511";"351";"Productie van elektriciteit";4
"35111";"3511";"Productie van elektriciteit door thermische, kern- en warmtekrachtcentrales";5
"35112";"3511";"Productie van elektriciteit door windenergie ";5
"35113";"3511";"Productie van elektriciteit door zonnecellen, warmtepompen en waterkracht";5
"3512";"351";"Beheer en exploitatie van transportnetten voor elektriciteit, aardgas en warm water";4
"3513";"351";"Distributie van elektriciteit en gasvormige brandstoffen via leidingen";4
"3514";"351";"Handel in elektriciteit en in gas via leidingen";4
"352";"35";"Productie van aardgas";3
"3520";"352";"Productie van aardgas";4
"353";"35";"Productie en distributie van stoom en gekoelde lucht";3
"3530";"353";"Productie en distributie van stoom en gekoelde lucht";4
"360";"36";"Winning en distributie van water";3
"3600";"360";"Winning en distributie van water";4
"370";"37";"Afvalwaterinzameling en -behandeling";3
"3700";"370";"Afvalwaterinzameling en -behandeling";4
"381";"38";"Inzameling van afval";3
"3811";"381";"Inzameling van onschadelijk afval";4
"3812";"381";"Inzameling van schadelijk afval";4
"382";"38";"Behandeling van afval";3
"3821";"382";"Behandeling van onschadelijk afval";4
"3822";"382";"Behandeling van schadelijk afval";4
"383";"38";"Voorbereiding tot recycling";3
"3831";"383";"Sloop van schepen, witgoed, computers e.d. ";4
"3832";"383";"Gesorteerd materiaal voorbereiden tot recycling";4
"390";"39";"Sanering en overig afvalbeheer";3
"3900";"390";"Sanering en overig afvalbeheer";4
"411";"41";"Projectontwikkeling";3
"4110";"411";"Projectontwikkeling";4
"412";"41";"Algemene burgerlijke en utiliteitsbouw";3
"4120";"412";"Algemene burgerlijke en utiliteitsbouw";4
"421";"42";"Bouw van wegen, spoorwegen en kunstwerken";3
"4211";"421";"Wegenbouw en stratenmaken";4
"42111";"4211";"Wegenbouw";5
"42112";"4211";"Stratenmaken";5
"4212";"421";"Bouw van boven- en ondergrondse spoorwegen";4
"4213";"421";"Bouw van kunstwerken";4
"422";"42";"Leggen van kabels en buizen ";3
"4221";"422";"Leggen van rioleringen, buizen en pijpleidingen; aanleg van bronbemaling";4
"4222";"422";"Leggen van elektriciteits- en telecommunicatiekabels ";4
"429";"42";"Bouw van overige civieltechnische werken";3
"4291";"429";"Natte waterbouw";4
"4299";"429";"Bouw van overige civieltechnische werken (rest)";4
"431";"43";"Slopen van bouwwerken, grondverzet en proefboren";3
"4311";"431";"Slopen van bouwwerken";4
"4312";"431";"Grondverzet";4
"4313";"431";"Proefboren";4
"432";"43";"Bouwinstallatie";3
"4321";"432";"Elektrotechnische bouwinstallatie";4
"4322";"432";"Loodgieters- en fitterswerk; installatie van sanitair en van verwarmings- en luchtbehandelingsapparatuur";4
"43221";"4322";"Loodgieters- en fitterswerk; installatie van sanitair ";5
"43222";"4322";"Installatie van verwarmings- en luchtbehandelingsapparatuur";5
"4329";"432";"Overige bouwinstallatie";4
"433";"43";"Afwerking van gebouwen";3
"4331";"433";"Stukadoren";4
"4332";"433";"Bouwtimmeren";4
"4333";"433";"Afwerking van vloeren en wanden ";4
"4334";"433";"Schilderen en glaszetten";4
"4339";"433";"Overige afwerking van gebouwen";4
"439";"43";"Dakbouw en overige gespecialiseerde werkzaamheden in de bouw";3
"4391";"439";"Dakdekken en bouwen van dakconstructies ";4
"4399";"439";"Overige gespecialiseerde werkzaamheden in de bouw";4
"43991";"4399";"Heien en andere funderingswerkzaamheden";5
"43992";"4399";"Vlechten van betonstaal";5
"43993";"4399";"Metselen en voegen";5
"43999";"4399";"Overige gespecialiseerde werkzaamheden in de bouw (rest)";5
"451";"45";"Handel in autoâ€™s en aanhangers, eventueel gecombineerd met reparatie";3
"4511";"451";"Handel in en reparatie van personenauto's en lichte bedrijfsauto's";4
"45111";"4511";"Import van nieuwe personenauto's en lichte bedrijfsauto's";5
"45112";"4511";"Handel in en reparatie van personenauto's en lichte bedrijfsauto's (geen import van nieuwe)";5
"4519";"451";"Handel in en reparatie van zwaardere bedrijfsauto's, aanhangers en caravans";4
"45191";"4519";"Import van nieuwe bedrijfsauto's";5
"45192";"4519";"Handel in en reparatie van zwaardere bedrijfsauto's (geen import van nieuwe) ";5
"45193";"4519";"Handel in en reparatie van aanhangwagens en opleggers (geen caravans)";5
"45194";"4519";"Handel in en reparatie van caravans";5
"452";"45";"Gespecialiseerde reparatie van auto's";3
"4520";"452";"Gespecialiseerde reparatie van auto's";4
"45201";"4520";"Auto-onderdelenservicebedrijven";5
"45202";"4520";"Bandenservicebedrijven";5
"45203";"4520";"Reparatie van specifieke auto-onderdelen";5
"45204";"4520";"Carrosserieherstel";5
"45205";"4520";"Overige gespecialiseerde reparatie; wassen en slepen van auto's";5
"453";"45";"Handel in auto-onderdelen en -accessoires ";3
"4531";"453";"Groothandel en handelsbemiddeling in auto-onderdelen en -accessoires";4
"45311";"4531";"Groothandel en handelsbemiddeling in auto-onderdelen en -accessoires (geen banden)";5
"45312";"4531";"Groothandel en handelsbemiddeling in banden";5
"4532";"453";"Detailhandel in auto-onderdelen en -accessoires";4
"454";"45";"Handel in en reparatie van motorfietsen en onderdelen daarvan ";3
"4540";"454";"Handel in en reparatie van motorfietsen en onderdelen daarvan";4
"45401";"4540";"Groothandel en handelsbemiddeling in motorfietsen en onderdelen daarvan";5
"45402";"4540";"Detailhandel in en reparatie van motorfietsen en onderdelen daarvan";5
"461";"46";"Handelsbemiddeling";3
"4611";"461";"Handelsbemiddeling in landbouwproducten, levende dieren en grondstoffen voor textiel en voedingsmiddelen ";4
"4612";"461";"Handelsbemiddeling in brandstoffen, ertsen, metalen en chemische producten ";4
"4613";"461";"Handelsbemiddeling in hout, vlakglas, sanitair en bouwmaterialen ";4
"4614";"461";"Handelsbemiddeling in machines, technische benodigdheden, schepen en vliegtuigen";4
"4615";"461";"Handelsbemiddeling in meubels, huishoudelijke artikelen en ijzerwaren ";4
"4616";"461";"Handelsbemiddeling in textiel, kleding, schoeisel en lederwaren";4
"4617";"461";"Handelsbemiddeling in voedings- en genotmiddelen";4
"4618";"461";"Handelsbemiddeling gespecialiseerd in overige goederen";4
"4619";"461";"Niet-gespecialiseerde handelsbemiddeling ";4
"462";"46";"Groothandel in landbouwproducten en levende dieren";3
"4621";"462";"Groothandel in granen, ruwe tabak, oliën, zaden en veevoer";4
"46211";"4621";"Groothandel in granen                                                  ";5
"46212";"4621";"Groothandel in zaden, pootgoed en peulvruchten ";5
"46213";"4621";"Groothandel in hooi, stro en ruwvoeder ";5
"46214";"4621";"Groothandel in meng- en krachtvoeder ";5
"46215";"4621";"Groothandel in veevoeder (geen ruw-, meng- en krachtvoeder) ";5
"46216";"4621";"Groothandel in ruwe plantaardige en dierlijke oliën en vetten en oliehoudende grondstoffen";5
"46217";"4621";"Groothandel in ruwe tabak";5
"46218";"4621";"Groothandel in akkerbouwproducten en veevoeder algemeen assortiment";5
"46219";"4621";"Groothandel in overige akkerbouwproducten";5
"4622";"462";"Groothandel in bloemen en planten";4
"4623";"462";"Groothandel in levende dieren";4
"46231";"4623";"Groothandel in levend vee";5
"46232";"4623";"Groothandel in huisdieren, siervissen, siervogels en wilde dieren";5
"4624";"462";"Groothandel in huiden, vellen, leer en halffabrikaten van leer";4
"46241";"4624";"Groothandel in huiden en vellen";5
"46242";"4624";"Groothandel in leer en halffabrikaten van leer";5
"463";"46";"Groothandel in voedings- en genotmiddelen";3
"4631";"463";"Groothandel in groenten en fruit en in consumptieaardappelen";4
"46311";"4631";"Groothandel in groenten en fruit";5
"46312";"4631";"Groothandel in consumptieaardappelen";5
"4632";"463";"Groothandel in vlees en vleeswaren en in wild en gevogelte (niet levend)";4
"4633";"463";"Groothandel in zuivelproducten, spijsoliën en -vetten en eieren";4
"46331";"4633";"Groothandel in zuivelproducten en spijsoliën en -vetten";5
"46332";"4633";"Groothandel in eieren";5
"4634";"463";"Groothandel in dranken (geen zuivel)";4
"4635";"463";"Groothandel in tabaksproducten en rokersbenodigdheden";4
"4636";"463";"Groothandel in suiker, chocolade en suikerwerk";4
"4637";"463";"Groothandel in koffie, thee, cacao en specerijen (geen ruwe)";4
"4638";"463";"Groothandel in overige voedingsmiddelen en in overige grondstoffen en halffabrikaten voor de voedingsmiddelenindustrie";4
"46381";"4638";"Groothandel in snacks ";5
"46382";"4638";"Groothandel in vis, schaal- en weekdieren ";5
"46383";"4638";"Gespecialiseerde groothandel in overige voedings- en genotmiddelen (rest)";5
"46384";"4638";"Groothandel in bakkerijgrondstoffen ";5
"46389";"4638";"Gespecialiseerde groothandel in overige grondstoffen en halffabrikaten voor de voedingsmiddelen industrie (rest) ";5
"4639";"463";"Groothandel in voedings- en genotmiddelen algemeen assortiment";4
"464";"46";"Groothandel in consumentenartikelen (non-food)";3
"4641";"464";"Groothandel in kledingstoffen, fournituren en huishoudtextiel";4
"46411";"4641";"Groothandel in kledingstoffen en fournituren";5
"46412";"4641";"Groothandel in huishoudtextiel en beddengoed";5
"4642";"464";"Groothandel in kleding, schoenen en modeartikelen";4
"46421";"4642";"Groothandel in bovenkleding";5
"46422";"4642";"Groothandel in werkkleding";5
"46423";"4642";"Groothandel in onderkleding";5
"46424";"4642";"Groothandel in schoenen";5
"46425";"4642";"Groothandel in modeartikelen";5
"46429";"4642";"Groothandel in textielwaren algemeen assortiment";5
"4643";"464";"Groothandel in elektrische huishoudelijke apparatuur, audio- en videoapparatuur en fotografische en optische artikelen ";4
"46431";"4643";"Groothandel in witgoed ";5
"46432";"4643";"Groothandel in elektrische huishoudelijke apparatuur (geen witgoed, audio en video)";5
"46433";"4643";"Groothandel in audio- en videoapparatuur ";5
"46434";"4643";"Groothandel in fotografische artikelen";5
"46435";"4643";"Groothandel in beeld- en geluidsdragers";5
"46436";"4643";"Groothandel in optische artikelen";5
"4644";"464";"Groothandel in glas, porselein en aardewerk en in reinigingsmiddelen ";4
"46441";"4644";"Groothandel in glas, porselein en aardewerk";5
"46442";"4644";"Groothandel in was-, poets- en reinigingsmiddelen";5
"4645";"464";"Groothandel in parfums en cosmetica";4
"4646";"464";"Groothandel in farmaceutische producten, medische instrumenten en orthopedische artikelen ";4
"46461";"4646";"Groothandel in farmaceutische producten";5
"46462";"4646";"Groothandel in medische en tandheelkundige instrumenten, verpleeg- en orthopedische artikelen en laboratoriumbenodigdheden";5
"4647";"464";"Groothandel in huismeubilair, woningtextiel, vloerbedekking en verlichting ";4
"46471";"4647";"Groothandel in huismeubilair";5
"46472";"4647";"Groothandel in woningtextiel en vloerbedekking";5
"46473";"4647";"Groothandel in verlichtingsartikelen";5
"4648";"464";"Groothandel in juweliersartikelen en uurwerken";4
"4649";"464";"Groothandel in overige consumentenartikelen (non-food)";4
"46491";"4649";"Groothandel in fietsen en bromfietsen";5
"46492";"4649";"Groothandel in watersportartikelen";5
"46493";"4649";"Groothandel in kampeerartikelen (geen caravans)";5
"46494";"4649";"Groothandel in speelgoed";5
"46495";"4649";"Groothandel in muziekinstrumenten";5
"46496";"4649";"Groothandel in sportartikelen (geen watersport)";5
"46497";"4649";"Groothandel in papier- en kartonwaren (geen verpakkingsmateriaal)";5
"46498";"4649";"Groothandel in boeken, tijdschriften en overig drukwerk";5
"46499";"4649";"Groothandel in overige consumentenartikelen (rest, non-food)";5
"465";"46";"Groothandel in ICT-apparatuur";3
"4651";"465";"Groothandel in computers, randapparatuur en software";4
"4652";"465";"Groothandel in elektronische en telecommunicatieapparatuur en bijbehorende onderdelen";4
"466";"46";"Groothandel in machines, apparaten en toebehoren voor industrie en handel";3
"4661";"466";"Groothandel in landbouwmachines, werktuigen en tractoren";4
"4662";"466";"Groothandel in gereedschapswerktuigen";4
"4663";"466";"Groothandel in machines voor de bouw";4
"4664";"466";"Groothandel in machines voor de textielindustrie en in naai- en breimachines";4
"4665";"466";"Groothandel in bedrijfsmeubels";4
"4666";"466";"Groothandel in kantoormachines (geen computers)";4
"4668";"466";"Groothandel in machines voor de grafische en voedings- en genotmiddelenindustrie ";4
"46681";"4668";"Groothandel in machines voor de grafische industrie";5
"46682";"4668";"Groothandel in machines voor de voedings- en genotmiddelenindustrie";5
"4669";"466";"Groothandel in overige machines, apparaten en toebehoren voor industrie en handel ";4
"46691";"4669";"Groothandel in intern transportmaterieel";5
"46692";"4669";"Groothandel in machines en apparaten voor de warmte-, koel- en vriestechniek";5
"46693";"4669";"Groothandel in verbrandingsmotoren, pompen en compressoren";5
"46694";"4669";"Groothandel in appendages, technische toebehoren e.d.";5
"46695";"4669";"Groothandel in meet- en regelapparaten";5
"46696";"4669";"Groothandel in emballage";5
"46697";"4669";"Groothandel in scheepsbenodigdheden en visserij-artikelen";5
"46699";"4669";"Groothandel in overige machines, apparaten en toebehoren voor industrie en handel (rest)";5
"467";"46";"Overige gespecialiseerde groothandel";3
"4671";"467";"Groothandel in brandstoffen en overige minerale olieproducten";4
"46711";"4671";"Groothandel in vaste brandstoffen ";5
"46712";"4671";"Groothandel in vloeibare en gasvormige brandstoffen";5
"46713";"4671";"Groothandel in minerale olieproducten (geen brandstoffen)";5
"4672";"467";"Groothandel in metalen en metaalertsen";4
"46721";"4672";"Groothandel in metaalertsen";5
"46722";"4672";"Groothandel in ferrometalen en -halffabrikaten";5
"46723";"4672";"Groothandel in non-ferrometalen en -halffabrikaten";5
"4673";"467";"Groothandel in hout, sanitair en overige bouwmaterialen";4
"46731";"4673";"Groothandel in hout en plaatmateriaal";5
"46732";"4673";"Groothandel in verf en verfwaren";5
"46733";"4673";"Groothandel in behang";5
"46734";"4673";"Groothandel in vlakglas";5
"46735";"4673";"Groothandel in zand en grind";5
"46736";"4673";"Groothandel in tegels en plavuizen";5
"46737";"4673";"Groothandel in sanitaire artikelen en sanitair installatiemateriaal ";5
"46738";"4673";"Groothandel gespecialiseerd in overige bouwmaterialen";5
"46739";"4673";"Groothandel in bouwmaterialen algemeen assortiment ";5
"4674";"467";"Groothandel in ijzer- en metaalwaren en verwarmingsapparaten";4
"46741";"4674";"Groothandel in ijzer- en metaalwaren";5
"46742";"4674";"Groothandel in verwarmingsapparaten";5
"4675";"467";"Groothandel in chemische producten";4
"46751";"4675";"Groothandel in chemische grondstoffen en chemicaliën voor industriële toepassing";5
"46752";"4675";"Groothandel in bestrijdingsmiddelen en meststoffen";5
"4676";"467";"Groothandel in overige intermediaire producten";4
"46761";"4676";"Groothandel in textielgrondstoffen en -halffabrikaten";5
"46762";"4676";"Groothandel in papier en karton";5
"46769";"4676";"Groothandel in overige intermediaire producten (rest)";5
"4677";"467";"Groothandel in afval en schroot";4
"46771";"4677";"Groothandel in autosloopmateriaal";5
"46772";"4677";"Groothandel in ijzer- en staalschroot en oude non-ferrometalen";5
"46779";"4677";"Groothandel in overige oude materialen en afvalstoffen";5
"469";"46";"Niet-gespecialiseerde groothandel";3
"4690";"469";"Niet-gespecialiseerde groothandel";4
"46901";"4690";"Niet-gespecialiseerde groothandel in consumentenartikelen";5
"46902";"4690";"Niet-gespecialiseerde groothandel in niet-consumentenartikelen";5
"471";"47";"Supermarkten, warenhuizen en dergelijke winkels met een algemeen assortiment";3
"4711";"471";"Supermarkten en dergelijke winkels met een algemeen assortiment voedings- en genotmiddelen";4
"4719";"471";"Warenhuizen en dergelijke winkels met een algemeen assortiment non-food";4
"47191";"4719";"Warenhuizen";5
"47192";"4719";"Winkels met een algemeen assortiment non-food (geen warenhuizen)";5
"472";"47";"Gespecialiseerde winkels in voedings- en genotmiddelen ";3
"4721";"472";"Winkels in aardappelen, groenten en fruit ";4
"4722";"472";"Winkels in vlees en vleeswaren, wild en gevogelte ";4
"47221";"4722";"Winkels in vlees en vleeswaren";5
"47222";"4722";"Winkels in wild en gevogelte";5
"4723";"472";"Winkels in vis";4
"4724";"472";"Winkels in brood, banket, chocolade en suikerwerk ";4
"47241";"4724";"Winkels in brood en banket";5
"47242";"4724";"Winkels in chocolade en suikerwerk";5
"4725";"472";"Winkels in dranken";4
"4726";"472";"Winkels in tabaksproducten";4
"4729";"472";"Gespecialiseerde winkels in overige voedings- en genotmiddelen ";4
"47291";"4729";"Winkels in kaas";5
"47292";"4729";"Winkels in natuurvoeding en reformartikelen";5
"47293";"4729";"Winkels in buitenlandse voedingsmiddelen";5
"47299";"4729";"Gespecialiseerde winkels in overige voedings- en genotmiddelen (rest)";5
"473";"47";"Benzinestations";3
"4730";"473";"Benzinestations";4
"474";"47";"Winkels in consumentenelektronica";3
"4741";"474";"Winkels in computers, randapparatuur en software";4
"4742";"474";"Winkels in telecommunicatieapparatuur ";4
"4743";"474";"Winkels in audio- en videoapparatuur of in een algemeen assortiment van wit- en  bruingoed";4
"47431";"4743";"Winkels in audio- en videoapparatuur";5
"47432";"4743";"Winkels in een algemeen assortiment van wit- en bruingoed ";5
"475";"47";"Winkels in overige huishoudelijke artikelen";3
"4751";"475";"Winkels in kledingstoffen, huishoudtextiel en fournituren ";4
"47511";"4751";"Winkels in kledingstoffen";5
"47512";"4751";"Winkels in  huishoudtextiel";5
"47513";"4751";"Winkels in breiwol, handwerken en fournituren";5
"4752";"475";"Winkels in doe-het-zelfartikelen";4
"47521";"4752";"Winkels in ijzerwaren en gereedschappen";5
"47522";"4752";"Winkels in verf, verfwaren en behang";5
"47523";"4752";"Winkels in houten bouw- en tuinmaterialen";5
"47524";"4752";"Winkels in tegels";5
"47525";"4752";"Winkels in keukens";5
"47526";"4752";"Winkels in parket-, laminaat- en kurkvloeren";5
"47527";"4752";"Winkels gespecialiseerd in overige doe-het-zelfartikelen";5
"47528";"4752";"Bouwmarkten en andere winkels in bouwmaterialen algemeen assortiment";5
"4753";"475";"Winkels in vloerbedekking en gordijnen ";4
"4754";"475";"Winkels in elektrische huishoudelijke apparatuur en onderdelen daarvoor";4
"47541";"4754";"Winkels in witgoed";5
"47542";"4754";"Winkels in naai- en breimachines";5
"47543";"4754";"Winkels in overige elektrische huishoudelijke apparatuur";5
"47544";"4754";"Winkels in onderdelen voor elektrische huishoudelijke apparatuur";5
"4759";"475";"Winkels in meubels, verlichting en overige huishoudelijke artikelen (rest)";4
"47591";"4759";"Winkels in meubels";5
"47592";"4759";"Winkels in verlichtingsartikelen";5
"47593";"4759";"Winkels in artikelen voor woninginrichting algemeen assortiment";5
"47594";"4759";"Winkels in muziekinstrumenten";5
"47595";"4759";"Winkels in glas-, porselein- en aardewerk";5
"47596";"4759";"Winkels gespecialiseerd in overige huishoudelijke artikelen (rest)";5
"47597";"4759";"Winkels in huishoudelijke artikelen algemeen assortiment";5
"476";"47";"Winkels in lectuur, sport-, kampeer- en recreatieartikelen";3
"4761";"476";"Winkels in boeken ";4
"4762";"476";"Winkels in kranten, tijdschriften en kantoorbehoeften ";4
"4763";"476";"Winkels in audio- en video-opnamen";4
"4764";"476";"Winkels in fietsen en bromfietsen, sport- en kampeerartikelen en boten ";4
"47641";"4764";"Winkels in fietsen en bromfietsen";5
"47642";"4764";"Winkels in watersportartikelen";5
"47643";"4764";"Winkels in sportartikelen (geen watersport)";5
"47644";"4764";"Winkels in kampeerartikelen (geen caravans)";5
"4765";"476";"Winkels in speelgoed";4
"477";"47";"Winkels in overige artikelen";3
"4771";"477";"Winkels in kleding en modeartikelen; textielsupermarkten";4
"47711";"4771";"Winkels in herenkleding ";5
"47712";"4771";"Winkels in dameskleding ";5
"47713";"4771";"Winkels in bovenkleding en modeartikelen (algemeen assortiment) ";5
"47714";"4771";"Winkels in baby- en kinderkleding";5
"47715";"4771";"Winkels in babyartikelen algemeen assortiment";5
"47716";"4771";"Winkels in onderkleding, foundations e.d.";5
"47717";"4771";"Winkels in modeartikelen";5
"47718";"4771";"Textielsupermarkten";5
"4772";"477";"Winkels in schoenen en lederwaren ";4
"47721";"4772";"Winkels in schoenen";5
"47722";"4772";"Winkels in lederwaren en reisartikelen";5
"4773";"477";"Apotheken";4
"4774";"477";"Winkels in drogisterij-, medische en orthopedische artikelen";4
"47741";"4774";"Winkels in drogisterij-artikelen ";5
"47742";"4774";"Winkels in medische en orthopedische artikelen";5
"4775";"477";"Winkels in parfums en cosmetica";4
"4776";"477";"Winkels in bloemen, planten, zaden, tuinbenodigdheden, huisdieren en dierbenodigdheden ";4
"47761";"4776";"Winkels in bloemen en planten, zaden en tuinbenodigdheden";5
"47762";"4776";"Tuincentra";5
"47763";"4776";"Winkels in dieren, dierbenodigdheden en hengelsportartikelen";5
"4777";"477";"Winkels in juweliersartikelen en uurwerken ";4
"4778";"477";"Winkels in overige artikelen (rest)";4
"47781";"4778";"Winkels in fotografische artikelen";5
"47782";"4778";"Winkels in optische artikelen";5
"47783";"4778";"Winkels in schilderijen, lijsten, prenten, kunstvoorwerpen en religieuze artikelen";5
"47789";"4778";"Winkels gespecialiseerd in overige artikelen (rest)";5
"4779";"477";"Winkels in antiek en tweedehands goederen ";4
"47791";"4779";"Winkels in antiek";5
"47792";"4779";"Winkels in tweedehands kleding";5
"47793";"4779";"Winkels in tweedehands goederen (geen kleding)";5
"478";"47";"Markthandel";3
"4781";"478";"Markthandel in voedings- en genotmiddelen";4
"47811";"4781";"Markthandel in aardappelen, groenten en fruit";5
"47819";"4781";"Markthandel in overige voedings- en genotmiddelen";5
"4782";"478";"Markthandel in textiel, kleding en schoenen";4
"4789";"478";"Markthandel in non-food artikelen (geen textiel, kleding en schoenen)";4
"47891";"4789";"Markthandel in bloemen, planten, zaden en tuinbenodigdheden";5
"47892";"4789";"Markthandel in tweedehands goederen";5
"47899";"4789";"Markthandel in overige goederen";5
"479";"47";"Detailhandel niet via winkel of markt";3
"4791";"479";"Detailhandel via internet";4
"47911";"4791";"Detailhandel via internet in voedingsmiddelen en drogisterijwaren ";5
"47912";"4791";"Detailhandel via internet in consumentenelektronica ";5
"47913";"4791";"Detailhandel via internet in boeken, tijdschriften, cd's, dvdâ€™s ";5
"47914";"4791";"Detailhandel via internet in kleding en mode-artikelen";5
"47915";"4791";"Detailhandel via internet in huis- en tuinartikelen";5
"47916";"4791";"Detailhandel via internet in vrijetijdsartikelen";5
"47918";"4791";"Detailhandel via internet in overige non-food";5
"47919";"4791";"Detailhandel via internet in een algemeen assortiment non-food";5
"4799";"479";"Colportage, straathandel en detailhandel via overige distributievormen";4
"47991";"4799";"Colportage";5
"47992";"4799";"Straathandel";5
"47999";"4799";"Detailhandel via overige distributievormen";5
"491";"49";"Personenvervoer per spoor (geen tram of metro)";3
"4910";"491";"Personenvervoer per spoor (geen tram of metro)";4
"492";"49";"Goederenvervoer per spoor";3
"4920";"492";"Goederenvervoer per spoor";4
"493";"49";"Personenvervoer over de weg";3
"4931";"493";"Openbaar vervoer binnen steden";4
"4932";"493";"Vervoer per taxi";4
"4939";"493";"Vervoer per bus, tram en metro (geen stadsvervoer)";4
"49391";"4939";"Ongeregeld besloten busvervoer";5
"49392";"4939";"Streekvervoer per bus, tram en metro";5
"49393";"4939";"Geregeld besloten busvervoer";5
"494";"49";"Goederenvervoer over de weg";3
"4941";"494";"Goederenvervoer over de weg (geen verhuizingen)";4
"4942";"494";"Verhuisvervoer";4
"495";"49";"Transport via pijpleidingen";3
"4950";"495";"Transport via pijpleidingen";4
"501";"50";"Zee- en kustvaart (passagiersvaart en veerdiensten)";3
"5010";"501";"Zee- en kustvaart (passagiersvaart en veerdiensten)";4
"502";"50";"Zee- en kustvaart (vracht-, tank- en sleepvaart)";3
"5020";"502";"Zee- en kustvaart (vracht-, tank- en sleepvaart)";4
"50201";"5020";"Zee- en kustvaart (vracht- en tankvaart; geen sleepvaart)";5
"50202";"5020";"Zee- en kustsleepvaart ";5
"503";"50";"Binnenvaart (passagiersvaart en veerdiensten)";3
"5030";"503";"Binnenvaart (passagiersvaart en veerdiensten)";4
"504";"50";"Binnenvaart (vracht-, tank- en sleepvaart)";3
"5040";"504";"Binnenvaart (vracht-, tank- en sleepvaart)";4
"50401";"5040";"Binnenvaart (vrachtvaart)";5
"50402";"5040";"Binnenvaart (tankvaart) ";5
"50403";"5040";"Binnenvaart (sleep- en duwvaart)";5
"511";"51";"Personenvervoer door de lucht";3
"5110";"511";"Personenvervoer door de lucht";4
"512";"51";"Goederenvervoer door de lucht";3
"5121";"512";"Goederenvervoer door de lucht";4
"521";"52";"Opslag";3
"5210";"521";"Opslag";4
"52101";"5210";"Opslag in tanks";5
"52102";"5210";"Opslag in koelhuizen e.d.";5
"52109";"5210";"Opslag in distributiecentra en overige opslag (niet in tanks, koelhuizen e.d.)";5
"522";"52";"Dienstverlening voor vervoer";3
"5221";"522";"Dienstverlening voor vervoer over land";4
"5222";"522";"Dienstverlening voor vervoer over water";4
"5223";"522";"Dienstverlening voor de luchtvaart";4
"5224";"522";"Laad-, los- en overslagactiviteiten ";4
"52241";"5224";"Laad-, los- en overslagactiviteiten voor zeevaart";5
"52242";"5224";"Laad-, los- en overslagactiviteiten niet voor zeevaart";5
"5229";"522";"Expediteurs, cargadoors en bevrachters; weging en meting";4
"52291";"5229";"Expediteurs, cargadoors, bevrachters en andere tussenpersonen in het goederenvervoer";5
"52292";"5229";"Weging en meting";5
"531";"53";"Nationale post met universele dienstverplichting";3
"5310";"531";"Nationale post met universele dienstverplichting ";4
"532";"53";"Post zonder universele dienstverplichting en koeriers";3
"5320";"532";"Post zonder universele dienstverplichting en koeriers ";4
"53201";"5320";"Post zonder universele dienstverplichting ";5
"53202";"5320";"Koeriers";5
"551";"55";"Hotels e.d.";3
"5510";"551";"Hotels e.d.";4
"55101";"5510";"Hotel-restaurants";5
"55102";"5510";"Hotels (geen hotel-restaurants), pensions en conferentieoorden";5
"552";"55";"Verhuur van vakantiehuisjes en appartementen; jeugdherbergen en vakantiekampen ";3
"5520";"552";"Verhuur van vakantiehuisjes en appartementen; jeugdherbergen en vakantiekampen ";4
"55201";"5520";"Verhuur van vakantiehuisjes en appartementen";5
"55202";"5520";"Jeugdherbergen , vakantiekampen, groepsaccommodaties";5
"553";"55";"Kampeerterreinen";3
"5530";"553";"Kampeerterreinen";4
"559";"55";"Overige logiesverstrekking";3
"5590";"559";"Overige logiesverstrekking";4
"561";"56";"Restaurants, cafetaria's e.d.";3
"5610";"561";"Restaurants, cafetaria's e.d. en ijssalons ";4
"56101";"5610";"Restaurants";5
"56102";"5610";"Fastfoodrestaurants, cafetaria's,  ijssalons, eetkramen e.d.  ";5
"562";"56";"Kantines en catering";3
"5621";"562";"Eventcatering";4
"5629";"562";"Kantines en contractcatering ";4
"563";"56";"CafÃ©s";3
"5630";"563";"CafÃ©s";4
"581";"58";"Uitgeverijen van boeken, tijdschriften e.d.; databanken";3
"5811";"581";"Uitgeverijen van boeken en databanken";4
"5812";"581";"Databanken";4
"5813";"581";"Uitgeverijen van kranten";4
"5814";"581";"Uitgeverijen van tijdschriften";4
"5819";"581";"Overige uitgeverijen (niet van software)";4
"582";"58";"Uitgeverijen van software";3
"5821";"582";"Uitgeverijen van computerspellen";4
"5829";"582";"Overige uitgeverijen van software";4
"591";"59";"Productie en distributie van films en televisieprogramma's";3
"5911";"591";"Productie van films en televisieprogramma's";4
"59111";"5911";"Productie van films (geen televisiefilms)";5
"59112";"5911";"Productie van televisieprogrammaâ€™s";5
"5912";"591";"Facilitaire activiteiten voor film- en televisieproductie";4
"5913";"591";"Distributie van films en televisieproducties";4
"5914";"591";"Bioscopen";4
"592";"59";"Maken en uitgeven van geluidsopnamen ";3
"5920";"592";"Maken en uitgeven van geluidsopnamen ";4
"601";"60";"Radio-omroepen";3
"6010";"601";"Radio-omroepen";4
"602";"60";"Televisieomroepen";3
"6020";"602";"Televisieomroepen";4
"611";"61";"Draadgebonden telecommunicatie";3
"6110";"611";"Draadgebonden telecommunicatie";4
"612";"61";"Draadloze telecommunicatie";3
"6120";"612";"Draadloze telecommunicatie";4
"613";"61";"Telecommunicatie via satelliet";3
"6130";"613";"Telecommunicatie via satelliet";4
"619";"61";"Overige telecommunicatie";3
"6190";"619";"Overige telecommunicatie";4
"620";"62";"Dienstverlenende activiteiten op het gebied van informatietechnologie";3
"6201";"620";"Ontwikkelen, produceren en uitgeven van software";4
"6202";"620";"Advisering op het gebied van informatietechnologie";4
"6203";"620";"Beheer van computerfaciliteiten";4
"6209";"620";"Overige dienstverlenende activiteiten op het gebied van informatietechnologie";4
"631";"63";"Gegevensverwerking, webhosting en aanverwante activiteiten; webportals";3
"6311";"631";"Gegevensverwerking, webhosting en aanverwante activiteiten";4
"6312";"631";"Webportals";4
"639";"63";"Overige dienstverlenende activiteiten op het gebied van informatie";3
"6391";"639";"Persagentschappen";4
"6399";"639";"Overige dienstverlenende activiteiten op het gebied van informatie (rest)";4
"641";"64";"Geldscheppende financiële instellingen";3
"6411";"641";"Centrale banken";4
"6419";"641";"Overige geldscheppende financiële instellingen";4
"64191";"6419";"CoÃ¶peratief georganiseerde banken";5
"64192";"6419";"Effectenkredietinstellingen";5
"64193";"6419";"Spaarbanken";5
"64194";"6419";"Algemene banken";5
"642";"64";"Financiële holdings";3
"6420";"642";"Financiële holdings";4
"643";"64";"Beleggingsinstellingen";3
"6430";"643";"Beleggingsinstellingen";4
"64301";"6430";"Beleggingsinstellingen in financiële activa";5
"64302";"6430";"Beleggingsinstellingen in vaste activa";5
"64303";"6430";"Beleggingsinstellingen met beperkte toetreding";5
"649";"64";"Kredietverstrekking en overige financiële intermediatie";3
"6491";"649";"Financiële lease";4
"6492";"649";"Overige kredietverstrekking";4
"64921";"6492";"Hypotheekbanken en bouwfondsen";5
"64922";"6492";"Volkskredietbanken en commerciële financieringsmaatschappijen";5
"64923";"6492";"Participatiemaatschappijen";5
"64924";"6492";"Wisselmakelaars en overige kredietverstrekking";5
"6499";"649";"Overige financiële intermediatie";4
"651";"65";"Verzekeringen (geen herverzekering)";3
"6511";"651";"Levensverzekeringen (geen herverzekering), naturaverzekeringen en spaarkassen";4
"65111";"6511";"Levensverzekeringen (geen herverzekering) ";5
"65112";"6511";"Naturaverzekeringen ";5
"65113";"6511";"Spaarkassen";5
"6512";"651";"Schadeverzekeringen (geen herverzekering)";4
"652";"65";"Herverzekering";3
"6520";"652";"Herverzekering";4
"653";"65";"Pensioenfondsen";3
"6530";"653";"Pensioenfondsen";4
"65301";"6530";"Bedrijfstakpensioenfondsen";5
"65302";"6530";"Ondernemingspensioenfondsen en -spaarfondsen";5
"65303";"6530";"Beroepspensioenfondsen";5
"65309";"6530";"Overige pensioenfondsen";5
"661";"66";"Financiële bemiddeling, advisering e.d. (niet voor verzekeringen en pensioenfondsen)";3
"6611";"661";"Beheer van financiële markten";4
"6612";"661";"Commissionairs en makelaars in effecten, beleggingsadviseurs e.d.";4
"6619";"661";"Administratiekantoren voor aandelen en obligaties, marketmakers, hypotheek- en krediet-";4
"66191";"6619";"Administratiekantoren voor aandelen en obligaties";5
"66192";"6619";"Marketmakers";5
"66193";"6619";"Hypotheek- en kredietbemiddeling, geldwisselkantoren, bank- en spaaragentschappen e.d.";5
"662";"66";"Dienstverlening op het gebied van verzekeringen en pensioenfondsen";3
"6621";"662";"Risicoanalisten en schadetaxateurs";4
"6622";"662";"Assurantietussenpersonen";4
"6629";"662";"Overige dienstverlening op het gebied van verzekeringen en pensioenfondsen (geen taxateurs en assurantietussenpersonen)";4
"66291";"6629";"Verzekeringsbeurzen";5
"66292";"6629";"Actuariële en pensioenadviesbureaus; beheer en administratie van pensioenvermogens";5
"66293";"6629";"Waarborgfondsen";5
"66299";"6629";"Overige dienstverlening  op het gebied van verzekeringen en pensioenfondsen (rest)";5
"663";"66";"Vermogensbeheer";3
"6630";"663";"Vermogensbeheer";4
"681";"68";"Handel in eigen onroerend goed";3
"6810";"681";"Handel in eigen onroerend goed";4
"682";"68";"Verhuur van onroerend goed";3
"6820";"682";"Verhuur van onroerend goed";4
"68201";"6820";"Woningbouwverenigingen en -stichtingen";5
"68202";"6820";"Gemeentelijke woningbedrijven";5
"68203";"6820";"Verhuur van overige woonruimte";5
"68204";"6820";"Verhuur van onroerend goed (niet van woonruimte)";5
"683";"68";"Bemiddeling in en beheer van onroerend";3
"6831";"683";"Bemiddeling bij handel, huur of verhuur van onroerend goed";4
"6832";"683";"Beheer van onroerend goed";4
"691";"69";"Rechtskundige dienstverlening";3
"6910";"691";"Rechtskundige dienstverlening";4
"69101";"6910";"Advocatenkantoren, bewindvoerders en curatoren ";5
"69102";"6910";"Rechtskundige adviesbureaus";5
"69103";"6910";"Notariskantoren";5
"69104";"6910";"Deurwaarderskantoren";5
"69105";"6910";"Octrooibureaus";5
"692";"69";"Accountancy, belastingadvisering en administratie";3
"6920";"692";"Accountancy, belastingadvisering en administratie";4
"69201";"6920";"Registeraccountants";5
"69202";"6920";"Accountants-administratieconsulenten";5
"69203";"6920";"Boekhoudkantoren ";5
"69204";"6920";"Belastingconsulenten";5
"69209";"6920";"Overige administratiekantoren";5
"701";"70";"Holdings (geen financiële) en concerndiensten binnen eigen concern";3
"7010";"701";"Holdings (geen financiële) en concerndiensten binnen eigen concern";4
"70101";"7010";"Concerndiensten binnen eigen concern";5
"70102";"7010";"Holdings (geen financiële)";5
"702";"70";"Advisering op het gebied van management en bedrijfsvoering";3
"7021";"702";"Public relationsbureaus";4
"7022";"702";"Advisering op het gebied van management en bedrijfsvoering (geen public relations)";4
"70221";"7022";"Organisatieadviesbureaus";5
"70222";"7022";"Advisering op het gebied van management en bedrijfsvoering (geen public relations en organisatieadviesbureaus)";5
"711";"71";"Architecten, ingenieurs en technisch ontwerp en advies";3
"7111";"711";"Architecten ";4
"71111";"7111";"Architecten (geen interieurarchitecten)";5
"71112";"7111";"Interieurarchitecten";5
"7112";"711";"Ingenieurs en overig technisch ontwerp en advies";4
"712";"71";"Keuring en controle";3
"7120";"712";"Keuring en controle ";4
"71201";"7120";"Keuring en controle van agrarische producten en voedingsmiddelen";5
"71202";"7120";"Keuring en controle van machines, apparaten en materialen";5
"71203";"7120";"Overige keuring en controle";5
"721";"72";"Natuurwetenschappelijk speur- en ontwikkelingswerk";3
"7211";"721";"Biotechnologisch speur- en ontwikkelingswerk";4
"72111";"7211";"Biotechnologisch speur- en ontwikkelingswerk op het gebied van agrarische producten en processen";5
"72112";"7211";"Biotechnologisch speur- en ontwikkelingswerk op het gebied van medische producten en farmaceutische processen en van voeding";5
"72113";"7211";"Biotechnologisch speur- en ontwikkelingswerk voor overige toepassingen";5
"7219";"721";"Natuurwetenschappelijk speur- en ontwikkelingswerk (niet biotechnologisch)";4
"72191";"7219";"Speur- en ontwikkelingswerk op het gebied van landbouw en visserij (niet biotechnologisch)";5
"72192";"7219";"Technisch speur- en ontwikkelingswerk";5
"72193";"7219";"Speur- en ontwikkelingswerk op het gebied van gezondheid en voeding (niet biotechnologisch)";5
"72199";"7219";"Overig natuurwetenschappelijk speur- en ontwikkelingswerk (niet biotechnologisch)";5
"722";"72";"Speur- en ontwikkelingswerk op het gebied van de maatschappij- en geesteswetenschappen";3
"7220";"722";"Speur- en ontwikkelingswerk op het gebied van de maatschappij- en geesteswetenschappen";4
"731";"73";"Reclamebureaus en  handel in advertentieruimte en -tijd";3
"7311";"731";"Reclamebureaus";4
"7312";"731";"Handel in advertentieruimte en -tijd";4
"732";"73";"Markt- en opinieonderzoekbureaus";3
"7320";"732";"Markt- en opinieonderzoekbureaus";4
"741";"74";"Industrieel ontwerp en vormgeving";3
"7410";"741";"Industrieel ontwerp en vormgeving";4
"74101";"7410";"Communicatie- en grafisch ontwerp";5
"74102";"7410";"Industrieel en product ontwerp";5
"74103";"7410";"Interieur- en ruimtelijk ontwerp";5
"742";"74";"Fotografie en ontwikkelen van foto's en films";3
"7420";"742";"Fotografie en ontwikkelen van foto's en films";4
"74201";"7420";"Fotografie";5
"74202";"7420";"Ontwikkelwinkels";5
"74203";"7420";"Ontwikkelcentrales";5
"743";"74";"Vertalers en tolken";3
"7430";"743";"Vertalers en tolken";4
"749";"74";"Overige specialistische zakelijke dienstverlening";3
"7490";"749";"Overige specialistische zakelijke dienstverlening";4
"750";"75";"Veterinaire dienstverlening";3
"7500";"750";"Veterinaire dienstverlening";4
"771";"77";"Verhuur en lease van auto's";3
"7711";"771";"Verhuur en lease van personenauto's en lichte bedrijfsauto's";4
"77111";"7711";"Verhuur van personenautoâ€™s en lichte bedrijfsauto's (geen operational lease)";5
"77112";"7711";"Operational lease van personenautoâ€™s en lichte bedrijfsauto's";5
"7712";"771";"Verhuur en lease van vrachtwagens, autobussen, caravans en aanhangwagens";4
"772";"77";"Verhuur van consumentenartikelen";3
"7721";"772";"Verhuur van sport- en recreatieartikelen";4
"7722";"772";"Videotheken";4
"7729";"772";"Verhuur van overige consumentenartikelen";4
"77291";"7729";"Verhuur van leesportefeuilles";5
"77292";"7729";"Verhuur van kleding en huishoudelijke artikelen";5
"77299";"7729";"Verhuur van overige consumentenartikelen (rest) ";5
"773";"77";"Verhuur en lease van machines en werktuigen en van overige goederen";3
"7731";"773";"Verhuur en lease van landbouwmachines en â€‘werktuigen";4
"7732";"773";"Verhuur en lease van machines en installaties voor de bouw";4
"7733";"773";"Verhuur en lease van computers en kantoorapparatuur";4
"7734";"773";"Verhuur en lease van schepen";4
"7735";"773";"Verhuur en lease van vliegtuigen";4
"7739";"773";"Verhuur en lease van overige machines en werktuigen en van overige goederen";4
"77391";"7739";"Verhuur van automaten";5
"77399";"7739";"Verhuur en lease van overige machines en werktuigen en van overige  goederen (geen automaten)";5
"774";"77";"Lease van niet-financiële immateriële activa";3
"7740";"774";"Lease van niet-financiële immateriële activa";4
"781";"78";"Arbeidsbemiddeling";3
"7810";"781";"Arbeidsbemiddeling";4
"782";"78";"Uitzendbureaus, uitleenbureaus en banenpools";3
"7820";"782";"Uitzendbureaus, uitleenbureaus en banenpools";4
"78201";"7820";"Uitzendbureaus ";5
"78202";"7820";"Uitleenbureaus";5
"78203";"7820";"Banenpools (werkgelegenheidsprojecten)";5
"783";"78";"Payrolling (personeelsbeheer)";3
"7830";"783";"Payrolling (personeelsbeheer)";4
"791";"79";"Reisbemiddeling en reisorganisatie";3
"7911";"791";"Reisbemiddeling";4
"7912";"791";"Reisorganisatie";4
"799";"79";"Informatieverstrekking op het gebied van toerisme en reserveringsbureaus";3
"7990";"799";"Informatieverstrekking op het gebied van toerisme en reserveringsbureaus";4
"801";"80";"Particuliere beveiliging ";3
"8010";"801";"Particuliere beveiliging ";4
"802";"80";"Beveiliging via  beveiligingssystemen";3
"8020";"802";"Beveiliging via  beveiligingssystemen";4
"803";"80";"Opsporing";3
"8030";"803";"Opsporing";4
"811";"81";"Facility management";3
"8110";"811";"Facility management";4
"812";"81";"Reiniging";3
"8121";"812";"Interieurreiniging van gebouwen";4
"8122";"812";"Gespecialiseerde reiniging van gebouwen en industriële reiniging";4
"81221";"8122";"Glazenwassers";5
"81222";"8122";"Schoorsteenvegers";5
"81229";"8122";"Overige gespecialiseerde reiniging";5
"8129";"812";"Overige reiniging ";4
"813";"81";"Landschapsverzorging";3
"8130";"813";"Landschapsverzorging";4
"821";"82";"Brede administratieve en secretariële dienstverlening ";3
"8211";"821";"Brede administratieve dienstverlening ";4
"8219";"821";"Secretariële dienstverlening ";4
"822";"82";"Callcenters";3
"8220";"822";"Callcenters";4
"823";"82";"Organiseren van congressen en beurzen";3
"8230";"823";"Organiseren van congressen en beurzen";4
"829";"82";"Overige zakelijke dienstverlening(rest)";3
"8291";"829";"Kredietinformatie- en incassobureaus";4
"8292";"829";"Pakken, sorteren e.d. in loon";4
"8299";"829";"Overige zakelijke dienstverlening (rest)";4
"82991";"8299";"Veilingen van landbouw-, tuinbouw- en visserijproducten";5
"82992";"8299";"Veilingen van huisraad, kunst, antiek, machines e.d. roerende goederen";5
"82999";"8299";"Overige zakelijke dienstverlening (rest) ";5
"841";"84";"Openbaar bestuur";3
"8411";"841";"Algemeen overheidsbestuur";4
"8412";"841";"Openbaar bestuur op het gebied van gezondheidszorg, onderwijs, cultuur en welzijn (geen sociale verzekeringen)";4
"8413";"841";"Openbaar bestuur op het gebied van het bedrijfsleven";4
"842";"84";"Overheidsdiensten";3
"8421";"842";"Buitenlandse zaken";4
"8422";"842";"Defensie";4
"8423";"842";"Justitie";4
"84231";"8423";"Rechtspraak";5
"84232";"8423";"Ministerie van Justitie en gevangeniswezen";5
"8424";"842";"Politie";4
"8425";"842";"Brandweer";4
"843";"84";"Verplichte sociale verzekeringen";3
"8430";"843";"Verplichte sociale verzekeringen";4
"852";"85";"Primair en speciaal onderwijs";3
"8520";"852";"Primair en speciaal onderwijs";4
"85201";"8520";"Basisonderwijs voor leerplichtigen";5
"85202";"8520";"Speciaal basisonderwijs";5
"85203";"8520";"Speciaal onderwijs in expertisecentra";5
"853";"85";"Voortgezet onderwijs";3
"8531";"853";"Algemeen vormend voortgezet onderwijs";4
"85311";"8531";"Havo en vwo";5
"85312";"8531";"Voorbereidend middelbaar beroepsonderwijs";5
"85313";"8531";"Praktijkonderwijs";5
"85314";"8531";"Brede scholengemeenschappen voor voortgezet onderwijs";5
"8532";"853";"Middelbaar beroepsonderwijs en educatie";4
"85321";"8532";"Middelbaar beroepsonderwijs";5
"85322";"8532";"Educatie";5
"85323";"8532";"Middelbaar beroepsonderwijs en educatie (gecombineerd)";5
"854";"85";"Tertiair onderwijs";3
"8541";"854";"Niet-universitair hoger onderwijs";4
"8542";"854";"Universitair hoger onderwijs";4
"855";"85";"Overig onderwijs";3
"8551";"855";"Sport- en recreatieonderwijs";4
"85511";"8551";"Zeil- en surfscholen";5
"85519";"8551";"Overig sport- en recreatieonderwijs";5
"8552";"855";"Cultureel onderwijs ";4
"85521";"8552";"Dansscholen";5
"85522";"8552";"Kunstzinnige vorming van amateurs (geen dansscholen)";5
"8553";"855";"Auto- en motorrijscholen";4
"8559";"855";"Overig onderwijs (rest)";4
"85591";"8559";"Afstandsonderwijs";5
"85592";"8559";"Bedrijfsopleiding en -training";5
"85599";"8559";"Studiebegeleiding, vorming en onderwijs (rest)";5
"856";"85";"Dienstverlening voor het onderwijs";3
"8560";"856";"Dienstverlening voor het onderwijs";4
"861";"86";"Ziekenhuizen en geestelijke gezondheids- en verslavingszorg met overnachting";3
"8610";"861";"Ziekenhuizen en geestelijke gezondheids- en verslavingszorg met overnachting";4
"86101";"8610";"Universitair medische centra ";5
"86102";"8610";"Algemene ziekenhuizen ";5
"86103";"8610";"Categorale ziekenhuizen ";5
"86104";"8610";"Geestelijke gezondheids- en verslavingszorg met overnachting";5
"862";"86";"Medische en tandheelkundige praktijken ";3
"8621";"862";"Praktijken van huisartsen";4
"8622";"862";"Praktijken van medisch specialisten en medische dagbehandelcentra (geen tandheelkunde)";4
"86221";"8622";"Praktijken van medisch specialisten en medische dagbehandelcentra (geen tandheelkunde of psychiatrie)";5
"86222";"8622";"Praktijken van psychiaters en dagbehandelcentra voor geestelijke gezondheids- en verslavingszorg";5
"8623";"862";"Tandartspraktijken";4
"86231";"8623";"Praktijken van tandartsen";5
"86232";"8623";"Praktijken van tandheelkundig specialisten";5
"869";"86";"Paramedische praktijken en overige gezondheidszorg zonder overnachting";3
"8691";"869";"Praktijken van verloskundigen en paramedici";4
"86911";"8691";"Praktijken van verloskundigen";5
"86912";"8691";"Praktijken van fysiotherapeuten";5
"86913";"8691";"Praktijken van psychotherapeuten, psychologen en pedagogen";5
"86919";"8691";"Overige paramedische praktijken (geen fysiotherapie en psychologie) en alternatieve genezers";5
"8692";"869";"Overige aanbieders van gezondheidszorg zonder overnachting en gezondheidsondersteunende diensten";4
"86921";"8692";"Gezondheidscentra";5
"86922";"8692";"Arbobegeleiding en re-integratie";5
"86923";"8692";"Preventieve gezondheidszorg (geen arbobegeleiding)";5
"86924";"8692";"Medische laboratoria, trombosediensten en overig behandelingsondersteunend onderzoek ";5
"86925";"8692";"Ambulancediensten en centrale posten";5
"86929";"8692";"Samenwerkingsorganen op het gebied van gezondheidszorg en overige ";5
"871";"87";"Verpleeghuizen";3
"8710";"871";"Verpleeghuizen";4
"872";"87";"Huizen en dagverblijven voor verstandelijk gehandicapten";3
"8720";"872";"Huizen en dagverblijven voor verstandelijk gehandicapten";4
"873";"87";"Huizen en dagverblijven voor niet-verstandelijk gehandicapten en verzorgingshuizen ";3
"8730";"873";"Huizen en dagverblijven voor niet-verstandelijk gehandicapten en verzorgingshuizen ";4
"87301";"8730";"Huizen en dagverblijven voor niet-verstandelijk gehandicapten ";5
"87302";"8730";"Verzorgingshuizen";5
"879";"87";"Jeugdzorg en maatschappelijke opvang met overnachting";3
"8790";"879";"Jeugdzorg en maatschappelijke opvang met overnachting ";4
"87901";"8790";"Jeugdzorg met overnachting en dagverblijven voor jeugdzorg";5
"87902";"8790";"Maatschappelijk opvang met overnachting ";5
"881";"88";"Maatschappelijke dienstverlening zonder overnachting gericht op ouderen en  gehandicapten";3
"8810";"881";"Maatschappelijke dienstverlening zonder overnachting gericht op ouderen en  gehandicapten ";4
"88101";"8810";"Thuiszorg";5
"88102";"8810";"Welzijnswerk voor ouderen";5
"88103";"8810";"Ondersteuning en begeleiding van gehandicapten";5
"889";"88";"Maatschappelijke dienstverlening zonder overnachting niet specifiek gericht op ouderen en ";3
"8891";"889";"Kinderopvang en peuterspeelzaalwerk";4
"88911";"8891";"Kinderopvang";5
"88912";"8891";"Peuterspeelzaalwerk";5
"8899";"889";"Ambulante jeugdzorg, maatschappelijk werk en advies en lokaal welzijnswerk ";4
"88991";"8899";"Ambulante jeugdzorg";5
"88992";"8899";"Maatschappelijk werk ";5
"88993";"8899";"Lokaal welzijnswerk";5
"88999";"8899";"Overig maatschappelijk advies, gemeenschapshuizen en samenwerkingsorganen op het gebied van";5
"900";"90";"Kunst";3
"9001";"900";"Podiumkunst en -vermaak";4
"90011";"9001";"Beoefening van podiumkunst";5
"90012";"9001";"Producenten van podiumkunst";5
"90013";"9001";"Circus en variété";5
"9002";"900";"Dienstverlening voor uitvoerende kunst";4
"9003";"900";"Schrijven en overige scheppende kunst";4
"9004";"900";"Theaters, schouwburgen en evenementenhallen ";4
"90041";"9004";"Theaters en schouwburgen";5
"90042";"9004";"Evenementenhallen";5
"910";"91";"Culturele uitleencentra, openbare archieven, musea, dieren- en plantentuinen, natuurbehoud";3
"9101";"910";"Culturele uitleencentra en openbare archieven";4
"91011";"9101";"Openbare bibliotheken";5
"91012";"9101";"Kunstuitleencentra";5
"91019";"9101";"Overige culturele uitleencentra en openbare archieven";5
"9102";"910";"Musea, kunstgalerieën en â€“expositieruimten";4
"91021";"9102";"Musea";5
"91022";"9102";"Kunstgalerieën en â€“expositieruimten";5
"9103";"910";"Monumentenzorg";4
"9104";"910";"Dieren- en plantentuinen; natuurbehoud";4
"91041";"9104";"Dieren- en plantentuinen, kinderboerderijen";5
"91042";"9104";"Natuurbehoud";5
"920";"92";"Loterijen en kansspelen";3
"9200";"920";"Loterijen en kansspelen";4
"92001";"9200";"Loterijen en kansspelen (geen amusementsautomaten)";5
"92009";"9200";"Exploitatie van amusements- en speelautomaten";5
"931";"93";"Sport";3
"9311";"931";"Sportaccommodaties";4
"93111";"9311";"Zwembaden";5
"93112";"9311";"Sporthallen, sportzalen en gymzalen";5
"93113";"9311";"Sportvelden";5
"93119";"9311";"Overige sportaccommodaties";5
"9312";"931";"Buitensport";4
"93121";"9312";"Veldvoetbal";5
"93122";"9312";"Veldsport in teamverband (geen voetbal) ";5
"93123";"9312";"Atletiek";5
"93124";"9312";"Tennis";5
"93125";"9312";"Paardensport en maneges";5
"93126";"9312";"Wielersport";5
"93127";"9312";"Auto- en motorsport";5
"93128";"9312";"Wintersport";5
"93129";"9312";"Overige buitensport";5
"9313";"931";"Fitnesscentra";4
"9314";"931";"Binnensport";4
"93141";"9314";"Individuele zaalsport ";5
"93142";"9314";"Zaalsport in teamverband";5
"93143";"9314";"Kracht- en vechtsport";5
"93144";"9314";"Bowlen, kegelen, biljarten e.d.";5
"93145";"9314";"Denksport";5
"93146";"9314";"Sportscholen";5
"93149";"9314";"Overige binnensport en omnisport";5
"9315";"931";"Watersport";4
"93151";"9315";"Zwem- en onderwatersport";5
"93152";"9315";"Roei-, kano-, zeil- en surfsport e.d.";5
"9319";"931";"Overige sportactiviteiten";4
"93191";"9319";"Beroepssportlieden";5
"93192";"9319";"Hengelsport";5
"93193";"9319";"Verzorgen van vistochten";5
"93194";"9319";"Supportersverenigingen (sport)";5
"93195";"9319";"Organiseren van sportevenementen";5
"93196";"9319";"Overkoepelende organen en samenwerkings- en adviesorganen op het gebied van sport";5
"93199";"9319";"Overige sportactiviteiten (rest)";5
"932";"93";"Overige recreatie";3
"9321";"932";"Pret- en themaparken; kermisattracties";4
"93211";"9321";"Pret- en themaparken";5
"93212";"9321";"Kermisattracties";5
"9329";"932";"Overige recreatie (rest)";4
"93291";"9329";"Jachthavens";5
"93299";"9329";"Overige recreatie (rest, geen jachthavens)";5
"941";"94";"Bedrijfs-, werkgevers- en beroepsorganisaties";3
"9411";"941";"Bedrijfs- en werkgeversorganisaties";4
"9412";"941";"Beroepsorganisaties";4
"942";"94";"Werknemersorganisaties";3
"9420";"942";"Werknemersorganisaties";4
"949";"94";"Levensbeschouwelijke en politieke organisaties, belangen- en ideële organisaties, hobbyclubs";3
"9491";"949";"Levensbeschouwelijke organisaties";4
"94911";"9491";"Religieuze organisaties";5
"94919";"9491";"Overige levensbeschouwelijke organisaties";5
"9492";"949";"Politieke organisaties";4
"9499";"949";"Overige belangen- en ideële organisaties; hobbyclubs";4
"94991";"9499";"Gezelligheidsverenigingen";5
"94992";"9499";"Hobbyclubs";5
"94993";"9499";"Steunfondsen (niet op het gebied van welzijnszorg)";5
"94994";"9499";"Vriendenkringen op het gebied van cultuur, fanclubs en overige kunstbevordering";5
"94995";"9499";"Overkoepelende organen en samenwerkings- en adviesorganen (niet op het gebied van gezondheids- en welzijnszorg, sport en recreatie)";5
"94996";"9499";"Overige ideële organisaties (rest)";5
"94997";"9499";"Overige belangenbehartiging (rest)";5
"951";"95";"Reparatie van computers en communicatieapparatuur";3
"9511";"951";"Reparatie van computers en randapparatuur";4
"9512";"951";"Reparatie van communicatieapparatuur";4
"952";"95";"Reparatie van consumentenartikelen (geen computers, communicatieapparatuur, auto's en motorfietsen)";3
"9521";"952";"Reparatie van consumentenelektronica (geen computers)";4
"9522";"952";"Reparatie van elektrische huishoudelijke apparaten ";4
"9523";"952";"Reparatie van schoenen en lederwaren";4
"9524";"952";"Reparatie en stoffering van meubels";4
"9525";"952";"Reparatie van uurwerken en juweliersartikelen";4
"9529";"952";"Reparatie van overige consumentenartikelen";4
"960";"96";"Wellness en overige dienstverlening; uitvaartbranche";3
"9601";"960";"Reinigen van kleding en textiel";4
"96011";"9601";"Wasserijen en linnenverhuur";5
"96012";"9601";"Chemische wasserijen en ververijen";5
"96013";"9601";"Wassalons en -verzendinrichtingen";5
"9602";"960";"Haar- en schoonheidsverzorging";4
"96021";"9602";"Haarverzorging";5
"96022";"9602";"Schoonheidsverzorging, pedicures en manicures, visagie en image consulting";5
"9603";"960";"Uitvaartverzorging, crematoria, mortuaria en begraafplaatsen";4
"96031";"9603";"Uitvaartverzorging";5
"96032";"9603";"Crematoria, mortuaria en begraafplaatsen";5
"9604";"960";"Sauna's, solaria, baden e.d.";4
"9609";"960";"Overige dienstverlening (rest)";4
"970";"97";"Huishoudens als werkgever van huishoudelijk personeel";3
"9700";"970";"Huishoudens als werkgever van huishoudelijk personeel";4
"981";"98";"Niet-gespecificeerde productie van goederen door particuliere huishoudens voor eigen gebruik";3
"9810";"981";"Niet-gespecificeerde productie van goederen door particuliere huishoudens voor eigen gebruik";4
"982";"98";"Niet-gespecificeerde productie van diensten door particuliere huishoudens voor eigen gebruik";3
"9820";"982";"Niet-gespecificeerde productie van diensten door particuliere huishoudens voor eigen gebruik";4
"990";"99";"Extraterritoriale organisaties en lichamen";3
"9900";"990";"Extraterritoriale organisaties en lichamen";4
"01";"A";"Landbouw, jacht en dienstverlening voor de landbouw en jacht ";2
"03";"A";"Visserij en kweken van vis en schaaldieren ";2
"09";"B";"Dienstverlening voor de winning van delfstoffen ";2
"16";"C";"Primaire houtbewerking en vervaardiging van artikelen van hout, kurk, riet en vlechtwerk ( geen meubels) ";2
"17";"C";"Vervaardiging van papier, karton en papier- en kartonwaren ";2
"38";"E";"Afvalinzameling en -behandeling; voorbereiding tot recycling";2
"42";"F";"Grond-, water- en wegenbouw (geen grondverzet) ";2
"59";"J";"Productie en distributie van films en televisieprogramma´s; maken en uitgeven van geluidsopnamen";2
"69";"M";"Rechtskundige dienstverlening, accountancy, belastingadvisering en administratie ";2
"71";"M";"Architecten, ingenieurs en technisch ontwerp en advies; keuring en controle";2
"72";"M";"Speur- en ontwikkelingswerk ";2
"94";"S";"Levensbeschouwelijke en politieke organisaties, belangen- en ideële organisaties, hobbyclubs ";2
"96";"S";"Wellness en overige dienstverlening; uitvaartbranche";2
"B";"0";"Winning van delfstoffen ";1
"D";"0";"Productie en distributie van en handel in elektriciteit, aardgas, stoom en gekoelde lucht ";1
"E";"0";"Winning en distributie van water; afval- en afvalwaterbeheer en sanering ";1
"G";"0";"Groot- en detailhandel; reparatie van auto's ";1
"H";"0";"Vervoer en opslag ";1
"I";"0";"Logies-, maaltijd- en drankverstrekking ";1
"K";"0";"Financiële instellingen ";1
"M";"0";"Advisering, onderzoek en overige specialistische zakelijke dienstverlening ";1
"N";"0";"Verhuur van roerende goederen en overige zakelijke dienstverlening ";1
"P";"0";"Onderwijs ";1
"Q";"0";"Gezondheids- en welzijnszorg ";1
"T";"0";"Huishoudens als werkgever; niet-gedifferentieerde productie van goederen en diensten door huishoudens voor eigen gebruik";1
